legacy_project_id,legacy_parent_id,name,short_name,project_environment,legacy_company_id,legacy_company_name,legacy_specialty_type_id,specialty_type_name,legacy_price_method,business_nature,detail_address,project_profile,project_area,legacy_is_shared_base,legacy_sort,legacy_attachment_ref,project_overview,legacy_project_nature,legacy_is_material_library,other_system_id,other_system_code
ade530f935bc4134a288b363dddb4b49,17449564905710000,国网新疆喀什供电公司110kV一明线接地网大修等2项工程,,,565,保盛新疆分公司,460001,专业分包,0,联营,,,,1,,45102e1a1cd88d844bc3be9c7e318e3c,,,,213484,17479723193820000
ae12c308edb84f0aad945e6a9017eb35,10718,乐山嘉洋科技发展有限公司车间净化装修工程,,正式项目,1,四川保盛建设集团有限公司,420001,装修装饰,1,自营,,,,0,523,0461380d29054931b441bc754021b9ee,,,,109501,16982984927430001
aec263c51c77406b9e1cbdae1cde27eb,10800,德阳文德湖屿树花园项目总承包工程大区土方开挖分包合同,,正式项目,1,四川保盛建设集团有限公司,10760001,专业分包,1,联营,,,,0,605,aa1455cd669843b0ba0eed22ad0fc34f,,,,109429,16982984838990001
af285b99ff1d4d829aa2ff13843f76a3,10344,常宜高速公路CY-CZ1承台墩柱1标工程,,正式项目,141,四川保盛建设集团有限公司,3230001,桥梁隧道,1,联营,,,,0,183,b45dc731bcf7409d98146b9fa68b7747,,,,,
b011d38f5f2a43d6acfe6cb196f70d8f,10554,中江县“8.16”渠道水毁修复工程,,正式项目,1,四川保盛建设集团有限公司,3310001,水利工程,1,联营,,,,0,362,db2ddd254c9f4475820d70c81fcc2a5f,,,,109638,16982985685230001
b024fdce92fc4c7d9a196718ad0734a8,17709449271730000,德阳站综合交通枢纽改造项目桥梁地下室主体结构工程,,,1,四川保盛建设集团有限公司,460001,专业分包,1,联营,,,,1,,648adc7a82d94198a260ae15b055eb34,,,,261153,17723318711470000
b02b08e025ab4b038d764e0525b2e64b,10617,健康骑游道铺装劳务,,正式项目,1,四川保盛建设集团有限公司,9680001,劳务分包,1,联营,,,,0,425,3f04fd3dac4247ec9de435ec126c1803,,,,,
b032b1d023394264bea8890d30a6f16e,10314,中江县杏花路道路建设工程施工,,正式项目,141,四川保盛建设集团有限公司,400001,市政,1,联营,,,,0,153,1b0ff33a795a4d8fbf6be608b7c939a5,,,,109798,16982986193820000
b04092bf64244df4ba3e3d8888115d68,10541,中国移动四川公司德阳分公司2021-2022年渠道维修采购项目框架协议,,正式项目,1,四川保盛建设集团有限公司,9430001,装饰装修,1,联营,,,,0,349,3db29b941a284c8895cc7de004165015,,,,109650,16982985703820001
b155837db59c42d9a3eccff2df5bfad8,10290,黄猫垭园区建设工程劳务分包,,正式项目,141,四川保盛建设集团有限公司,5960001,劳务工程,1,联营,,,,0,139,91ef3813299147998314a3c2f4660ca3,,,,109818,16982986219130001
b17db7c3d7814760a0b0710bf88bef0d,10500,树木移栽合同,,正式项目,1,四川保盛建设集团有限公司,9570001,园林绿化,1,联营,,,,0,309,43339a6e490940ce988bff6fba620dee,,,,109686,16982985747730001
b1da8255e06e4056aaf0e844559b407c,17570420290140000,眉山环天水务有限公司舒坪社区管网修复工程,,,1,四川保盛建设集团有限公司,400001,市政工程,1,联营,,,,1,,a6efd9c29c8d4b39971638d0c7faaac5,,,,,
b259e293688c4bfb866ab5e190275273,10688,2021年11月1日-2023年10月31日期间学校安排的防水维修项目和应急处理,,正式项目,1,四川保盛建设集团有限公司,9430001,装饰装修,1,联营,,,,0,494,00c8a08afa7a465b8a5b607ffae00f4c,,,,109519,16982984949770001
b30548069e964194aca239afd9b34d82,10347,中国移动四川分公司南充片区2018-2020年渠道零星维修项目（标包9）,,正式项目,141,四川保盛建设集团有限公司,420001,装修装饰,1,联营,,,,0,184,c8c4da1ee1e14411a2a09c79b198f2c3,,,,109772,16982986161160001
b3f527d6f80c45498a54241c44fee03b,10602,罗江区2020年暴雨洪灾水毁修复9个工程施工分包单位及单价补充协议书,,正式项目,1,四川保盛建设集团有限公司,5960001,劳务工程,1,联营,,,,0,410,34f8ba1f0404416dbeda8e40ecdb8678,,,,109593,16982985627420001
b46d0ef2c882487aae2e2858aed634e2,10588,重庆工业职业技术学院,,正式项目,1,四川保盛建设集团有限公司,9430001,装饰装修,1,联营,,,,0,396,76dd6f1190154d288acbf4ee98b542a5,,,,109607,16982985646640000
b4d056223bda427d8dff39113334ef37,10722,【广清城际轨道交通项目（花都段）安置区工程（狮岭镇前进安置区）一期施工总承包】项目【市政道路】工程专业分包,,正式项目,1,四川保盛建设集团有限公司,10760001,专业分包,1,联营,,,,0,527,ae36e73d7e50472fb8de31a3074d91ba,,,,109499,16982984924930001
b5ee8bfd20284bcd84383b0764db24fb,10603,理塘碧桂园项目,,正式项目,1,四川保盛建设集团有限公司,9430001,装饰装修,1,联营,,,,0,411,948f02689d574aef9d34696750f9985a,,,,109592,16982985626320000
b653753feab74ec1baf2be1b531a5d99,10545,成都（北部商城）西部国际家电交易中心1#楼及地下室,,正式项目,1,四川保盛建设集团有限公司,9860001,保温工程,1,联营,,,,0,353,dfdaf339baae4205b2ba5636f06cc3fc,,,,109646,16982985698670000
b68df914cf3b47b888e43028b1057da1,10579,德新镇污水处理厂及污水收集主管网建设（德新镇污水处理厂工程）,,正式项目,1,四川保盛建设集团有限公司,3210001,市政工程,1,联营,,,,0,387,8ac2e25bc2eb4a21963e6fe2d4386a06,,,,109615,16982985656170001
b69a287978ee4573b1b21768e3868581,10809,德阳市旌阳区中医院门诊综合大楼项目及住院综合大楼项目,,正式项目,1,四川保盛建设集团有限公司,9430001,装饰装修,1,联营,,,,0,614,f12d29379a4047cbaf47f0c7088f82a3,,,,109423,16982984831800001
b6cc0a037a2643c18ed61e593250ec3a,10446,旌阳区孝感镇灵庙村2017年节水型社会重点县建设项目,,正式项目,1,四川保盛建设集团有限公司,3310001,水利工程,1,联营,,,,0,254,7fddfce6142d42458ae52bd5f26a9cfb,,,,109720,16982985790070001
b79f8cb44d6045c1869f6bb575b5e77e,17343984936320000,绵阳市安州区人民检察院智慧检察系统Ⅴ期办案工作区土建项目,,,571,保盛绵阳分公司,390001,房建工程,0,联营,,,,0,,e242be03c29d9a60191f23b6e66f040b,,,,190835,17351981398970000
b7c7e4c229024786b30ee5bec6d0ad9b,17603378124600000,国网新疆电力有限公司阿勒泰供电公司省管产业单位2024年第一次服务类区域联合授权框架招标采购,,,565,保盛新疆分公司,390001,房建工程,1,联营,,,,1,,0e1d37214650ec85e508a4ce7c7e81fd,,,,236260,17615546226520000
b7f07bc4b72c4cd29b5d1b445b499386,10433,工程学院零星项目,,正式项目,1,四川保盛建设集团有限公司,390001,房建工程,1,联营,,,,0,241,a79bcaeec66d4173a1416f10ef050319,,,,109730,16982985803670001
b98aa16d7a9d42e3a7eb8dbbe2907651,10477,德阳市绵远河西岸生态整治工程（青衣江路-牡丹江路）,,正式项目,1,四川保盛建设集团有限公司,3210001,市政工程,1,联营,,,,0,285,9808c8ae19374924ad2dfb7aa849968c,,,,109705,16982985771170001
b9f1ea27e66c41fba95cb7573c425073,17356166984910000,重庆市璧山区璧泉街道老旧小区改造配套基础设施（南关社区）（第二次）,,,570,保盛重庆分公司,390001,房建工程,0,联营,,,,0,,62ac5193a23f3ff732f79713a5181327,,,,191774,17366521187960001
baeda23eedeb4f788ea28c0d60af1904,17114154106120000,西藏军区工程建设项目临时器材库和装备库建设项目（2302项目）,,,570,保盛重庆分公司,390001,房建工程,1,联营,,,,0,,bd42a7f1fd5af61df04d9cb4a77afb1f,,,,,
bb0ccbdd806d4c49b287d32ffb70ebff,17564290205920000,城南壹号·熙悦府（一期）专业分包包2安装工程,,,1,四川保盛建设集团有限公司,460001,专业分包,1,联营,,,,1,,2c296c0d0214bc7765bb76f57dba6828,,,,225294,17567771192950000
bb463f5786a54cbeb158e5a7972e53af,10659,拉萨市柳梧新区污水分流部分区域改造,,正式项目,1,四川保盛建设集团有限公司,3210001,市政工程,1,联营,,,,0,465,3430c8fa88f84c4697c34693ba26cb04,,,,109545,16982984985550001
bb479eae09634eca926443b260524e78,17748422182270000,重庆丰都龙城华府（三期）二组团10#、11#住宅屋顶分布式光伏项目,,,570,保盛重庆分公司,10890001,电力工程,1,联营,,,,1,,6467caf5a14bf9d1432a72d67ab7500b,,,,263991,17750084228050000
bb522fee21af41b384c8fc7647fe63f3,17375967316120000,合格土销售项目,,,1,四川保盛建设集团有限公司,256f5fcf25944b49b9f6bc3c86f71510,内部,0,联营,,,,0,,0f532a460d4308cbb2b67c95aea30c90,,,,198588,17376221884240000
bb77cc54c910443da84b9a2c7d6f10f3,10586,天元街道产业园区配套道路建设项目,,正式项目,1,四川保盛建设集团有限公司,3210001,市政工程,1,联营,,,,0,394,4c8b5bf37f8943b38f0658e653edbae9,,,,109608,16982985648040000
bbe61b7f1a754c2a9998c3cec3e80260,10671,巴楚县中心敬老院消防改造提升建设项目,,正式项目,1,四川保盛建设集团有限公司,10760001,专业分包,1,联营,,,,0,477,2a37df6e36a8439484556ad8db137d2d,,,,109535,16982984973520001
bbea9e93630f48eea51296e418ad83b7,10265,射洪县仁和中学校教学用房及相关附属设施建设项目,,正式项目,141,四川保盛建设集团有限公司,390001,房建,1,联营,,,,0,118,a19e2ecdb111447dbc1db4c98c55d022,,,,109842,16982986249440000
bc8a3285e9af4dcda5895313440be16a,10445,九寨沟县漳扎镇小学校等灾后重建项目部-九寨沟干部职工周转房,,正式项目,1,四川保盛建设集团有限公司,460001,专业分包,1,联营,,,,0,253,fe51e2bf634a435fbe12e98e2d00f683,,,,109721,16982985791630000
bcf49916c2384becac4bf9844fe05ea3,10811,四川工程职业技术学院二、三食堂周边铺装改造,,正式项目,1,四川保盛建设集团有限公司,400001,市政工程,1,自营,,,,0,616,a823b8757b074163976902329915c93e,,,,,
bd0099f172af405e8eb98f712df92127,10615,1851-20项目消防联调联试及通风系统安装工程,,正式项目,1,四川保盛建设集团有限公司,9680001,劳务分包,1,联营,,,,0,423,90876725dfa74b619af251967d1a4c73,,,,109581,16982985612420001
bd7953ddbca04d708e1d5ae2c42fcdf2,17465201229230000,2025年西南石油工程公司钻前辅助工程劳务框架招标（8标段：内江、自贡等地区）项目,,,1,四川保盛建设集团有限公司,450001,劳务工程,1,联营,,,,1,,495ae491ff04e7e7f515ef15300427dd,,,,212784,17468599335010001
bdaa2a6cd8fc429b89053c278f6ed3b6,10680,53019工程、3644-3、4、3617工程（2022.01.17）,,正式项目,1,四川保盛建设集团有限公司,10760001,专业分包,1,联营,,,,0,486,1dcf1f8334454c83a7c0dc8ee80bc478,,,,,
bdcac58b05554a5c98e5d6afeb3f7f9f,10476,旌阳区保密局办公室改造,,正式项目,1,四川保盛建设集团有限公司,420001,装修装饰,1,联营,,,,0,284,26f7e4f2325d4967863823b64c8bbb88,,,,109706,16982985772570000
bde18269fcd04d00910a9b456d0a4813,10715,南川区第三中学扩建工程,,正式项目,1,四川保盛建设集团有限公司,9920001,房建工程,1,联营,,,,0,520,6f44810042c44592973a3e89970d08fc,,,,109502,16982984928680001
be3f89e0cb294643bdbc6f62c5a242c2,10576,2021年柳梧新区雨污水管网及防洪渠维保服务采购项目一标段,,正式项目,1,四川保盛建设集团有限公司,400001,市政工程,1,联营,,,,0,384,3e4a70faf4984719aae201ffe9e2b189,,,,109618,16982985659760000
bedcf08fe3a040b6a2123a148f45dd5c,10289,川北幼儿师范高等专科学校三期工程-室外附属一批次工程,川北幼师学校室外附属,正式项目,141,四川保盛建设集团有限公司,390001,房建,1,联营,,,,0,138,9fe429acbdfc4914a6fe0e1fd8f1a490,,,,109819,16982986220220001
beea539bc3a94a7d8d2c4852c1f08c25,10580,黄许镇绵远河袁家大桥建设项目农房拆迁安置 基础设施配套项目一村道、排水沟、管网建设项目,,正式项目,1,四川保盛建设集团有限公司,3210001,市政工程,1,联营,,,,0,388,8af5a2c73f4e46b8bfe3c1f4f7851bc5,,,,109614,16982985655070000
bfa15c3cc6544332a4573e54f79a5b98,10673,越西县普雄镇消防站建设项目,,正式项目,1,四川保盛建设集团有限公司,9920001,房建工程,1,联营,,,,0,479,7efcb2bc06a84bb3bda155896d62d7fe,,,,109533,16982984970710001
bfd2012972084181b83a6f7e885ada70,10341,柳梧新区地下雨污水管网（部分路段）改造项目,,正式项目,141,四川保盛建设集团有限公司,3210001,市政工程,1,联营,,,,0,180,3f791a5dacba4a4c983cffbbdcad8ed9,,,,109777,16982986167410000
c0751730f07349fb9d2b573a765484eb,10577,鸿图府项目第一期建筑安装工程,,正式项目,1,四川保盛建设集团有限公司,9920001,房建工程,1,联营,,,,0,385,4ee88d6b412443be96ba61d509ba785c,,,,109617,16982985658510001
c0fec62dffee4c0cbcf8eaab7e4a5477,10754,【广清城际轨道交通项目（花都段）安置区工程 （狮岭镇军田安置区一期工程）施工总承包】项目 【挡土墙】工程专业分包合同,,正式项目,1,四川保盛建设集团有限公司,10760001,专业分包,1,联营,,,,0,559,5db8c3a2351f4f40929359a7a583727f,,,,109470,16982984888680001
c14136ad1c52463bbde74fe5f3498398,17564292359200000,瑜园小区配套基础设施及环境改造工程,,,570,保盛重庆分公司,390001,房建工程,1,联营,,,,1,,0e76384ccc3149004f977adb19a3c16b,,,,226389,17585216209040000
c15575514d04462bb5a4020601c3ef71,17326744433940000,旌阳区综合管廊项目钱塘江路段管廊支护及防水工程专业分包,,,1,四川保盛建设集团有限公司,400001,市政工程,0,联营,,,,0,,4481b82ef4080072c9f7e4d086a057dd,,,,190045,17339744666930000
c1ffdc83503e4cce9d2801316060bed7,16998376138880000,重庆轨道交通15号线一期土建工程03标绣湖路DN400给水管道迁改工程,,,570,保盛重庆分公司,400001,市政工程,1,联营,,,,0,,55658a30aa8ce10fc8b75bbea3a580b7,,,,115141,17018337605440001
c217fd220f2e4caa882c878faab9ab1d,10772,环壁南路至环湖北路（青白江河）DN800管安装工程,,正式项目,1,四川保盛建设集团有限公司,3210001,市政工程,1,联营,,,,0,577,bf51140a4d7a459795257175a921b11e,,,,109456,16982984871800000
c2924b9b428d4542a346a60c82b82231,10820,马尔康市卓克基水厂挡墙恢复工程,,正式项目,1,四川保盛建设集团有限公司,450001,劳务工程,1,自营,,,,0,625,f9291f7a055748a5baf873866fea7558,,,,109416,16982984823050001
c2a0156bc72d457da0145ca8241ea734,17552484902190000,重庆市璧山区璧泉街道老旧小区改造项目（天门社区）,,,570,保盛重庆分公司,390001,房建工程,1,联营,,,,1,,0468a44b6e10a4d51cdc67bb2627e86f,,,,224474,17554790962960000
c2ee2572f2e64330acc9922be5d292e6,17730458162710000,刘兴宇项目,,,1,四川保盛建设集团有限公司,390001,房建工程,1,联营,,,,1,,5c5d846eb37bb45e0b7e9ae7d3cd5765,,,,,
c2f0d3a74d0940a4a0154792a281712d,17029491790160000,旌阳区全域旅游公共服务保障设施建设项目/凯江大回湾改造工程.,,,1,四川保盛建设集团有限公司,390001,房建工程,1,联营,,,,0,,5560d7ae99ef5d1a8198850050f7a846,,,,,
c42de1a899dd4c6cb44252bd70299691,17749208430390000,旌阳区德新镇国家农业产业强镇建设二期稻谷产地初加工提升项目,,,1,四川保盛建设集团有限公司,390001,房建工程,1,联营,,,,1,,770c25d08ed6743b91c0e5bd12b40f7f,,,,263992,17750084238990000
c46a561b9aa24ebfb3f0dd11e4b14280,10652,中国移动四川分公司成都分公司2021-2025年管理用房及生产枢纽楼办公区域维修服务项目-通服,,正式项目,1,四川保盛建设集团有限公司,9430001,装饰装修,1,联营,,,,0,459,935a04fa793e45e4a1ea2f062ee4d8fc,,,,109552,16982984994300000
c482406a0a254922800ed08a40707fc5,10774,棉县高层安置小区消防系统维修项目（向阳小区）消防专业分包,,正式项目,1,四川保盛建设集团有限公司,10760001,专业分包,1,联营,,,,0,579,dfa3ff823b1a4e77ac2e16122636e55a,,,,109454,16982984869300000
c4ba575a135e49c6acc9a9d40704535a,17458324563980000,2025年西南石油工程公司钻前辅助工程劳务框架招标（1标段：罗江、黄许等地区）项目,,,1,四川保盛建设集团有限公司,450001,劳务工程,1,联营,,,,1,,2dfcb1141ca3833fcb38f3a2f998d789,,,,212779,17468599325950000
c4fa49e392464a0b811c60e8a1e13eef,17549909203130000,66号楼整修项目,,,1,四川保盛建设集团有限公司,390001,房建工程,1,联营,,,,1,,69efe0a1a7ab4741c5a5dc3554f24f7f,,,,224477,17554790978120000
c52d2b1e41f747bbb8231326c8d2d344,17501401469050000,奇峰镇共和村蔬菜产业园提升项目,,,570,保盛重庆分公司,390001,房建工程,1,联营,,,,1,,f403ff3355ff05c8751e8a5a7b8f077e,,,,215570,17513644261230000
c5aaca9d17534640bd9c0821a1032d92,10662,四川创型工程设计有限责任公司,,正式项目,1,四川保盛建设集团有限公司,5960001,劳务工程,1,自营,,,,0,468,6b885b106c2c4bbda27cc9cf4d050f3c,,,,,
c5d91c8c77db49e3b66db0ac88d0d643,16998654433030000,合川高新区南溪组团用地整治项目,,,1,四川保盛建设集团有限公司,390001,房建工程,0,联营,,,,0,,1705d3b5f34512750ce02d498cb235fe,,,,115140,17018337604190001
c7f4ba7e38cf4b29b239a9b5ddd0ff94,10274,罗江翰林豪锦苑一期工程,,正式项目,141,四川保盛建设集团有限公司,390001,房建,1,联营,,,,0,125,f2dc7943ea83442b9f7b0b511ec911b5,,,,109833,16982986237570001
c845a86e0fed40a6afd947f09580664f,10583,渝北区东风水库防汛公路硬化扶助工程,,正式项目,1,四川保盛建设集团有限公司,10120001,公路工程,1,联营,,,,0,391,41b57e2439774bdabf2065ca60d446f2,,,,109611,16982985651480001
c956e9e28b784932b46951bd146d401d,16970715906180000,2023年高标准农田改造提升-东美村1,,,1,四川保盛建设集团有限公司,440001,水利工程,1,联营,,,,1,5,1a13254faa96c9828f67195832755ce0,,,,,
c99641e9b7d8419bb1318f070e2496fd,10304,什邡市经济开发区一级消防站及综合应急救援训练基地项目,,正式项目,141,四川保盛建设集团有限公司,390001,房建,1,联营,,,,0,152,3e12859850e9403ba160dcd26033111c,,,,109805,16982986202880000
ca9894f65c5e4b3cac86e93d68fadc29,10540,中国移动四川公司绵阳分公司2021-2022年渠道维修采购项目框架协议,,正式项目,1,四川保盛建设集团有限公司,9430001,装饰装修,1,联营,,,,0,348,545518491430440eb595e23146885fed,,,,109651,16982985705230000
ca9cc3a115d44c1faf31b0ae8d8c16dc,17688139613540000,垫江县城区污水处理厂提标改造项目（中水管网建设工程A段）--玉鼎桥至明月大道段（第二次）,,,570,保盛重庆分公司,400001,市政工程,1,联营,,,,1,,5557f3fb07e8770fb4a5f69b36454fea,,,,258467,17691387969940001
cad02e2bd4444edead1b36635639cf2d,10676,巴中恩阳临港产业园建设项目一制造业组团项目润禾改造工程1-5号楼防水保温工程,,正式项目,1,四川保盛建设集团有限公司,10760001,专业分包,1,联营,,,,0,482,7f4e05dab87d44c2860b51e2b575abda,,,,109530,16982984967270000
cbfd01c8330749afb93f66ff9951df78,10736,四川建筑职业技术学院德阳校区学生公寓粉刷维修项目,,正式项目,1,四川保盛建设集团有限公司,10760001,专业分包,1,联营,,,,0,541,16977c7bb5bf46d0bb18d88fe29620ae,,,,109486,16982984908830001
cc151f2cfc9e487f82f7f1ba1362d0ad,10390,剑阁县东宝镇迎春村村级阵地搬迁配套设施工程二标段,,正式项目,1,四川保盛建设集团有限公司,3210001,市政工程,1,联营,,,,0,203,52ea8fb959354e41bd14ca73b2b5055f,,,,,
cc493dcfaf6b488492e6566f21b42af0,17369121770770000,C地块非机动车停车场修建工程,,,1,四川保盛建设集团有限公司,390001,房建工程,0,联营,,,,0,,de74f29b683e93a6070490e37847a8fb,,,,198585,17376221874710000
ccbab4088228455ba6ac3375b1d2482d,17736422608960000,信息中心图书馆安全整治及服务能力提升项目,,,1,四川保盛建设集团有限公司,420001,装修装饰,1,联营,,,,1,,c51ad31c7696f1d77b524143163a4598,,,,263996,17750084249610000
cce3135c7a5347cd9733a853b942a3fc,17630917878690000,C4-3-1、C4-3-2等3宗地块整治工程水泥稳定碎石层铺筑,,,570,保盛重庆分公司,460001,专业分包,1,联营,,,,1,,c70224fc075b87942d6148b0dc307c2d,,,,237593,17636954360440000
cd4ddecc90324b76b303a4e4cbbb9e5b,10261,国家水土保持重点项目中江县2019年冯店小流域水土流失综合治理项目,,正式项目,141,四川保盛建设集团有限公司,3310001,水利工程,1,联营,,,,0,114,14fd8c4829584b55aa4a0c2805c7556c,,,,109846,16982986254280000
cd883a71c893424fbe432603091e451d,10523,澜公馆景观工程,,正式项目,1,四川保盛建设集团有限公司,10380001,园林绿化工程,1,联营,,,,0,332,c9857f53d4e24b53b2550076984ca8dd,,,,109665,16982985721790001
ce271702026b42be8f214613a471690e,10606,眉山天府新区老场镇雨污分流改造工程（钢铁片区）管网检测,,正式项目,1,四川保盛建设集团有限公司,3210001,市政工程,1,联营,,,,0,414,4701bf02d9fa4098811d022403cddb69,,,,109589,16982985622730001
ce39775b7f8e42c7bc487ff69c4acc98,17217900661450000,阆中水城项目唐家山片区一期酒店热水及地暖改造工程,,,571,保盛绵阳分公司,420001,装修装饰,0,联营,,,,0,,e6c1570d0fefaf20f0160a4ca1097d99,,,,176873,17217900744890000
ce7524b7223d46e8974e48044decb355,10397,苍溪县鸳溪镇城乡建设用地增减挂钩项目,,正式项目,1,四川保盛建设集团有限公司,5960001,劳务工程,1,联营,,,,0,209,37252278fdd446249a623b6e39cb4e14,,,,109751,16982985830700000
ce7c47d08d88409da91cd433099d5cee,10424,四川现代农业工程职业学院一期工程（10#教学楼、培训中心）,,正式项目,1,四川保盛建设集团有限公司,390001,房建,1,联营,,,,0,232,ee0936f9b1064e63b8853e69f19fa174,,,,109737,16982985813200001
cf1710ce2cc140c2b0710924a59a216b,16975045954860000,喀什地区英吉沙县2022年停车场建设项目工程总承包,,,565,保盛新疆分公司,400001,市政工程,0,联营,,,,0,,37c1fcae7390d6ca7a1721d0c8a94dbc,,,,109357,16982981716370000
cfa432be43df4f4284bb60fb3fce488d,10675,德阳市旌阳区崴螺山-高屋（寿崴路改线）道路改建工程项目,,正式项目,1,四川保盛建设集团有限公司,10120001,公路工程,1,联营,,,,0,481,4cf8cb29de6446a9915123b86450d1bd,,,,109531,16982984968360001
cfca2fd82f1242f3806057b2900d06b0,17394379900000000,眉山环天水务有限公司各条线服务供应商项目（包2）-舒坪社区管网工程,,,1,四川保盛建设集团有限公司,450001,劳务工程,0,联营,,,,1,,ba2a9bb6ea3a75f0821b1a88e109afe1,,,,200133,17401246906400001
d07b7a7a37aa473a89d006c178a4e033,10622,拉萨市柳梧新区管网错接改造,,正式项目,1,四川保盛建设集团有限公司,3210001,市政工程,1,联营,,,,0,430,7b5abc59001d4c46b306f1c836ef6d46,,,,109575,16982985604760001
d0ba123f238b4fd68e33aad904dfcb50,10664,拉萨市柳梧新区排污管网改造,,正式项目,1,四川保盛建设集团有限公司,3210001,市政工程,1,联营,,,,0,470,a3f9aabb0f2c4929a040d42ce7b57e9c,,,,109540,16982984979460001
d15f664bee1444c488e1b88b678e6af2,10381,大唐甘肃发电有限工程碧口水力发电厂心苑职工家属区物业维修改造,,正式项目,141,四川保盛建设集团有限公司,420001,装修装饰,1,联营,,,,0,196,31f0e517a1904b0283b654d8ccf86c35,,,,109764,16982986151470001
d160e20360074d30af053a069f62ebec,10308,江油涪江上游武都水库珍稀和特有鱼类繁育中心项目,,正式项目,141,四川保盛建设集团有限公司,400001,市政,1,联营,,,,0,153,1b0ff33a795a4d8fbf6be608b7c939a5,,,,,
d17be2d1b09f4364bc37820ccd7c6b05,10557,旌阳区黄许镇糖场桥暴雨洪涝灾害水毁重建工程项目,,正式项目,1,四川保盛建设集团有限公司,10120001,公路工程,1,联营,,,,0,365,6dc2baa8b5464262af0faf4ca84014f4,,,,109635,16982985681480001
d2584e69e21145199d66b25b0181e0a8,10782,西南大数据创新应用中心项目土石方,,正式项目,1,四川保盛建设集团有限公司,10760001,专业分包,1,联营,,,,0,587,3e2a422400f943508aad6f213f2325d0,,,,109446,16982984859610000
d2fbb60741f64cd99c82017452a54663,10866,何东中石油煤层气公司新疆后峡项目,,正式项目,1,四川保盛建设集团有限公司,460001,专业分包,0,联营,,,,0,671,5102d444817d49eca07232cd84ed4d51,,,,109374,16982984768520001
d306ec31828d4c3eabf63d75a7c1b448,17326698730820000,莎车县艾力西湖镇拜什库都克(12)村农村污水治理建设项目(二次),,,565,保盛新疆分公司,440001,水利工程,0,联营,,,,0,,133a1ad683dbd4725eb91205b32fc156,,,,190044,17339744311460000
d33b7d4610d240a0a3551630955bd733,17555843434990000,四川省绵阳外国语学校综合中心初中部图书室改造项目,,,571,保盛绵阳分公司,390001,房建工程,1,联营,,,,1,,c4895831000880fabd84e010748c9e59,,,,236264,17615560857460000
d397cd38ebae427ca4304745cd901ba4,10474,德阳新城吾悦广场住宅整期幕墙工程,,正式项目,1,四川保盛建设集团有限公司,420001,装修装饰,1,联营,,,,0,282,aa4591105c964824b7cb78b2ad1abfed,,,,109708,16982985775070000
d3efb18b6f9a44f9b72343d9223c5b40,17568887639360000,四川致远锂业有限公司生产厂房土建零星及维修工程,,,1,四川保盛建设集团有限公司,390001,房建工程,1,联营,,,,1,,eafaf9cff51782f79efa60cc58717567,,,,236994,17627551617600000
d44862eefe674f20bc033c364f15c515,17206614121360000,喀什地区检察院办案与专业技术用房外立面改造项目,,,565,保盛新疆分公司,390001,房建工程,0,联营,,,,0,,222360ce133f402724f7efd820485502,,,,170192,17206614184020000
d4f6b2931e7c4a2386171451104abc9b,16950262406430000,伽师县工业园区空气源供热建设项目（二次）,,,1,四川保盛建设集团有限公司,79127e5bca65415996d5e3c35aefef3c,机电工程,0,联营,,,,0,,de9b2da11339c3dcc4ef47a16de84f79,,,,,
d502c2489723449486522eca798884fa,10546,中国移动四川公司成都分公司2021-2022年渠道维修采购项目框架协议,,正式项目,1,四川保盛建设集团有限公司,9430001,装饰装修,1,联营,,,,0,354,0a42be2a7e62406b8692dbb1577b93f5,,,,109645,16982985697420000
d5335e46b2c241fcb9ae857d721331d6,17001863973530000,德阳市漓江路大桥-穿绵远河给水管道工程,,,1,四川保盛建设集团有限公司,400001,市政工程,1,联营,,,,0,,1b6cda3a0df1cea3d8fdd06c2f214546,,,,115137,17018337599040001
d54e7276be1b4244b5531898f2d2f00b,10661,德阳市旌阳区东湖-和新道路改建工程一标段、德阳市旌阳区崴螺山至高层（寿崴路改线）道路工程,,正式项目,1,四川保盛建设集团有限公司,10120001,公路工程,1,自营,,,,0,467,6d9fdbb5f2eb49178d5cc5435509b988,,,,109543,16982984983050001
d5e059c23e3d4a2c802cbecb7911cd38,10852,绵竹何高春项目,,正式项目,1,四川保盛建设集团有限公司,450001,劳务工程,0,联营,,,,0,657,afc005ff64654ce6911fbb43f806b9ce,,,,109388,16982984785870000
d61b20783fc842faa95fa3b2e1bf16bc,17465198162200000,2025年西南石油工程公司钻前辅助工程劳务框架招标（2标段：成都、资阳等地区）项目,,,1,四川保盛建设集团有限公司,390001,房建工程,1,联营,,,,1,,5b9d0604f3ede7df9354311ddea81c77,,,,212780,17468599328290000
d673283d7f064228aa3bcdb822c8d425,10826,中建四局集团-唐颖刚项目,,正式项目,1,四川保盛建设集团有限公司,400001,市政工程,1,联营,广州市花都区花山镇,,,0,631,3c8cd70138d7487890bf7d31f3f36639,,,,109412,16982984817740001
d6a4d48ebb62405baf97d36e9e4e228a,10388,林芝市巴宜区八一镇小学运动场维修工程项目,,正式项目,1,四川保盛建设集团有限公司,3210001,市政工程,1,联营,,,,0,202,cda2fd97b3ce4e8980dd49ed1a0be128,,,,109759,16982986145380001
d75424f3247646c395ff5edd2ab1b1f9,17314880366770000,罗江区新盛镇X601新慧路王家湾桥危桥拆除重建工程(第二次),,,1,四川保盛建设集团有限公司,430001,公路工程,0,联营,,,,0,,818380c2cc1fe5a9d8dcd10c532c50b9,,,,189211,17326691480040000
d76027f8b9d148389e9cf2ba799cb07e,10538,中国移动下游采购合同平台,,正式项目,1,四川保盛建设集团有限公司,420001,装修装饰,1,联营,,,,0,346,b7dab61f0eae4266a98db8c69657ba19,,,,109653,16982985707570000
d78614b5e31046649529451acc80e016,17470974082420000,中国移动四川公司成都分公司2025-2026年渠道维修采购项目,,,1,四川保盛建设集团有限公司,420001,装修装饰,1,联营,,,,1,,45a17f0fbb8197b6bd9f982d5794825d,,,,214318,17493534514900000
d795445cf03e48b99618f3eb559a235b,10288,中江县支公司办公职场装修工程,,正式项目,141,四川保盛建设集团有限公司,420001,装修装饰,1,联营,,,,0,137,015186a93ac84c258489a8bfe60bb22c,,,,109820,16982986221470001
d90bec648f574bc6a2f5bb5f398e87d8,10728,周超零星工程,,正式项目,1,四川保盛建设集团有限公司,9920001,房建工程,1,联营,,,,0,533,a771bf3087ff4754a73f44a4f9927216,,,,,
d9c6cbd20d9f41cc876ad845341304d7,10851,重庆轨道交通15号线一期土建工程果塘路站二期给水管线迁改工程,,正式项目,1,四川保盛建设集团有限公司,400001,市政工程,0,联营,,,,0,656,eb6e51cd54504a8a955b6aadf162c322,,,,109389,16982984786960001
da53b59ac75e4481b3fff1667e0de7e2,10694,狮子水库尾水渠垮塌抢险救灾工程,,正式项目,1,四川保盛建设集团有限公司,3310001,水利工程,1,联营,,,,0,499,7a233dcc5b194f14ae01698cc5cf2a64,,,,109518,16982984948520000
da80de7b7a9644428b917920cb14e31a,10475,东湖山水土石方挖运工程,,正式项目,1,四川保盛建设集团有限公司,460001,土石方,0,联营,,,,0,283,c2ed370c0ec842c6848a751dbe1f7168,,,,109707,16982985773820001
dab94e2764674db5849b05f9b06714bb,10413,中江县殡仪馆提档改建项目工程,,正式项目,1,四川保盛建设集团有限公司,390001,房建,1,联营,,,,0,221,56bf2f5cb7e54eaf8b67dceb47383375,,,,109743,16982985820700001
db4b47a81c304c03b4914e86eeb5f124,10325,罗江县蟠龙镇2016年农业综合开发高标准农田建设项目,,正式项目,141,四川保盛建设集团有限公司,3310001,水利工程,1,联营,,,,0,164,ceb15c2a52db40228c0fb72fd96bcce8,,,,109789,16982986182720001
dbf6b62b0ad24261a949828e0d8219d2,,旌阳区全域旅游公共服务保障设施建设项目/凯江大回湾改造工程,,正式项目,1,四川保盛建设集团有限公司,400001,市政工程,1,联营,,,,1,,96f802a876d9c0088e32250306021ad1,,,,109853,16982986264440001
dbfa5695dccc445c9bf84f504e70912d,10792,重庆机场航空口岸综合指定监管场地增设防护解除区项目,,正式项目,1,四川保盛建设集团有限公司,3210001,市政工程,1,联营,,,,0,597,301347b9e7c049d494da88e9fc128f49,,,,109437,16982984848520001
dc23b3505b384d529dc60bef5f64a6e7,17527387317440000,大足支行珠溪分理处主体装修工程,,,570,保盛重庆分公司,420001,装修装饰,1,联营,,,,1,,c76e3f0d17984fa1ccae69caf9e872b6,,,,223770,17543642784650000
dc59bf70a1a54961a96e4a169555842f,10584,洛浦县市政基础设施建设及配套项目（施工一标段）,,正式项目,1,四川保盛建设集团有限公司,3210001,市政工程,1,联营,,,,0,392,c527c3e813b34713ae363448b8e2df76,,,,109610,16982985650390000
dc5f03ef90a749be8e3cd19daca87163,17528004390090000,天山北路公共卫生间改造项目,,,1,四川保盛建设集团有限公司,450001,劳务工程,1,联营,,,,1,,f468dfc35934240c1d6908fc163bed2a,,,,223772,17543642799030000
dc99595923e7425da8d87ca56ad23f76,10611,德阳市旌阳区天山路（黄河路-凯江路）改造项目,,正式项目,1,四川保盛建设集团有限公司,5960001,劳务工程,1,联营,,,,0,419,529157ca62ff47a68b4c8655b8e6a6c4,,,,109585,16982985617260000
dc9faab2919147868ffddd380f58ea3e,10684,拉萨市柳梧新区路面井盖维护更换合同,,正式项目,1,四川保盛建设集团有限公司,3210001,市政工程,1,联营,,,,0,490,95ada804b07349409d9d490f202fef68,,,,109523,16982984954930001
dccfa12fb5b747dca476d457c0464d30,10711,御嘉花苑2、3#楼,,正式项目,1,四川保盛建设集团有限公司,5960001,劳务工程,1,联营,,,,0,516,1f8e80ec582b48d8b5f1088ba86679f4,,,,109504,16982984931180001
dcd315ee82ba47d6a463c3090abd9577,17745078862080000,深圳友唱技术有限公司万达零星维修工程,,,570,保盛重庆分公司,390001,房建工程,1,联营,,,,1,,9733eb9e8fb7c5c29ced961fb3df3f20,,,,263993,17750084241330000
dd3c76208c3642b2a44c834db32f1f8f,17708605005800000,广汉市城市更新城西片区城中村改造项目地基基础工程专业分包,,,1,四川保盛建设集团有限公司,460001,专业分包,1,联营,,,,1,,4e5526ca67c3f746acf435c8ea858a92,,,,261154,17723318713970001
ddc10588a1094d7986d2b383189125b3,10280,中江县凯江中学校教学及辅助用房建设项目,中江凯江中学建设,正式项目,141,四川保盛建设集团有限公司,390001,房建,1,联营,,,,0,130,cd85ac498579462bb5761e71cb10c5de,,,,109828,16982986231630000
ddc8f420948e434bbc73f430c4d26d6c,10835,重庆轨道交通15号线一期工程01标合同段供水管道迁改工程,,正式项目,1,四川保盛建设集团有限公司,400001,市政工程,0,联营,,,,0,640,ba7a2fa218a74a2699a8523a555d2e7e,,,,109404,16982984805550000
ddd9a94d8aef4059a1def554a737e0e4,10276,剑阁县2019年交通专项扶贫村道窄路加宽工程（杨村镇柏梓村）,剑阁县2019年交通专项扶贫村道窄路加宽,正式项目,141,四川保盛建设集团有限公司,3220001,公路交通,1,联营,,,,0,127,66ecae429e27418a9fdf56be9fcf4cdf,,,,109831,16982986235220001
dddffb953eee4f1fbba18a5b462ffb1a,10794,渭河路（庐山北路至秦岭山北路）道路改造工程道路沥青砼路面专业分包施工,,正式项目,1,四川保盛建设集团有限公司,3210001,市政工程,1,联营,,,,0,599,af68d782063e4941ad5dbe80fe706cd5,,,,109435,16982984846180001
de55113c54914c5093efa5164f840cdb,17285419080750000,燕山路（洪湖路-柳江街）市政道路工程,,,1,四川保盛建设集团有限公司,400001,市政工程,0,联营,,,,0,,d11a827fc5e9611f935f949c3a5768a9,,,,,
decc584ec24d4b51b672d8bf3518bf42,10401,新建杭州经绍兴至台州铁路站前工程一标项目,,正式项目,1,四川保盛建设集团有限公司,3220001,公路交通,1,联营,,,,0,209,37252278fdd446249a623b6e39cb4e14,,,,,
def62d8fc3df471080951397c4fdfd22,17410717739520000,银鑫·五洲广场二期 CD 座室外消防车道施工,,,565,保盛新疆分公司,11260001,消防工程,0,联营,,,,1,,028bebc1b4c27d5a6087671f405770d2,,,,201726,17427171550650000
df39b5bfb9df4c30a7eaaa639e5d5753,16970715484940000,2023年高标准农田改造提升-东美村,,,1,四川保盛建设集团有限公司,440001,水利工程,1,联营,,,,1,,1a13254faa96c9828f67195832755ce0,,,,,
dfdd8eb86b064e7f8615d74aa2bc222a,10499,德阳市寿丰河截污干管工程劳务分包,,正式项目,1,四川保盛建设集团有限公司,5960001,劳务工程,1,联营,,,,0,308,d398f268dba346f8b85452ebe8113db6,,,,109687,16982985748980001
e02e8e8061ab4ee599884c34365f1bd0,10853,莎车县低压电力设施改造项目施工第一标段,,正式项目,1,四川保盛建设集团有限公司,10890001,电力工程,0,联营,,,,0,658,41d9691d189043d580adcab8a4d454a9,,,,109387,16982984784620000
e0ba5308a59e4e98a4225b4b75d34818,17621533685570000,潼南支行双江分理处营业网点主体装修工程项目,,,570,保盛重庆分公司,420001,装修装饰,1,联营,,,,1,,e357c6d61b49c188f3c59d3bf900c197,,,,,
e0db577a23194699b7ea732cc08a2eb7,10795,50万吨年食品级PET高分子新材料项目,,正式项目,1,四川保盛建设集团有限公司,9430001,装饰装修,1,联营,,,,0,600,19115a54e2374e639778d7f0772b10ef,,,,109434,16982984845080000
e0e2a533f7224713a481520af78809ad,10441,幸福人家项目工程,,正式项目,1,四川保盛建设集团有限公司,3250001,建筑防水,1,联营,,,,0,249,959ba5247bf14c98a22b7984bcef506b,,,,109724,16982985795380001
e106501cc7184d8e8b8b08871e03e5dc,10263,金元镇江关咀村2019年社道路建设项目,江关咀村道路建设,正式项目,141,四川保盛建设集团有限公司,400001,市政,1,联营,,,,0,116,575c37693750483fbe49f312c69147ff,,,,109844,16982986251780001
e1391ec880fb40b79668111da2f78540,17449564211180000,国网新疆喀什供电公司110kV叶果线杆塔提升隐患治理大修等13项工程,,,565,保盛新疆分公司,460001,专业分包,0,联营,,,,1,,20f8f6aa265f478ed7c2e3c5dbacd5ad,,,,213483,17479723185380000
e1603619f0814d02b4c86bc5c044ea0b,10650,巴中恩阳临港产业园项目-制造业组团项目1-8号厂房、13号厂房、16号厂房防水保温工程,,正式项目,1,四川保盛建设集团有限公司,10760001,专业分包,1,联营,,,,0,458,05bde86f2c1a449394dd0903926a46b0,,,,109553,16982984995390001
e198e1afc1324069844bfe3a310cfe91,10318,誉城国际一期二批次,,正式项目,141,四川保盛建设集团有限公司,390001,房建,1,联营,,,,0,157,8cc272067b5c4b99ac114af8f7f22e87,,,,109796,16982986191470001
e207665460d740a8a140020004c3cd22,17506590739670000,中国移动四川公司2025-2027年全省汇聚机房土建工程施工集中采购项目,,,1,四川保盛建设集团有限公司,390001,房建工程,1,联营,,,,1,,ec5ac3de80d783f415cf809de51e6826,,,,215569,17513644234040000
e237f61a7cf6461fa360da20307d6522,10298,朝天区花石乡以工代赈脱贫攻坚项目工程,,正式项目,141,四川保盛建设集团有限公司,390001,房建,1,联营,,,,0,147,c5e50c1b7c7845cd948e1aa508dcdc2e,,,,109810,16982986208970001
e292fb92ad184e6d8715c99a89bd2beb,10730,信达国际A栋1、2、3号电梯，D栋1、2号电梯井土建改造工程,,正式项目,1,四川保盛建设集团有限公司,10760001,专业分包,1,联营,,,,0,535,e193d9b9f33048beb1ba8be71ef65bba,,,,109491,16982984915080001
e2edc267b1b24c8ebc8ab5ab2aabd399,10861,松垭商业城保障性住房提升改造项目--装修施工项目,,正式项目,1,四川保盛建设集团有限公司,390001,房建工程,0,自营,,,,0,666,c105fc85f1df42d89742ad097beef240,,,,109379,16982984774770001
e3b0f12a3e2448fa89e070f0272f74d0,10696,青白江综合办公楼土石方工程,,正式项目,1,四川保盛建设集团有限公司,10740001,土石方工程,1,联营,,,,0,501,a93ea4ffd2fb4a2f838bca1af81b8440,,,,,
e3d42a6ff2044fe2bf8b60af246de053,10685,贾家工业园区办公点装修工程,,正式项目,1,四川保盛建设集团有限公司,9430001,装饰装修,1,联营,,,,0,491,a89cb50f95f54c68832adf08fb16aeb4,,,,,
e4bccb1e4815421ba8c8778fc30f6077,10668,四川金鑫公司职工家属区“三供一业”分离移交物业设施维修改造项目（南区）,,正式项目,1,四川保盛建设集团有限公司,9430001,装饰装修,1,联营,,,,0,474,52c41ab35dbf4056998c36211a48a9fa,,,,109538,16982984977110000
e4c9309b78f847dba4a007a04cc6128a,17261322754100000,智慧之心项目2#楼及2#楼裙楼泡沫混凝土工程,,,1,四川保盛建设集团有限公司,390001,房建工程,0,联营,,,,0,,05c1cb481026b99ca1f0a33845c9230e,,,,179950,17268181872790001
e4cdcff7175147c4aec010329f08f217,17709476139080000,林芝区域办事处办公用房装修工程施工专业分包,,,567,保盛西藏分公司,460001,专业分包,1,联营,,,,1,,86ee2c55c3d48d873c4f08b6bac78fd7,,,,261152,17723318709280000
e50c5b8828a74dd5b84ea854d2256ab9,17011549226610000,重庆机场护宾楼二层办公室改造项目,,,570,保盛重庆分公司,390001,房建工程,1,联营,,,,0,,85eba26d9f6816e5f7c6e619faf21afd,,,,115132,17018337592470000
e5c64d4f13ba477191da0b3e3bd12236,17555079473280000,德阳市经开区再生资源利用园区基础设施项目九标段项目市政安装工程,,,1,四川保盛建设集团有限公司,400001,市政工程,1,联营,,,,1,,db48a75b261bea095c9a93d9019e6c4f,,,,226714,17590256826530000
e5d7653bc34a45649a7083c79912cf8e,17165408192050000,德阳站综合交通枢纽改造项目（德阳站、S11 线连通工程等 4 个子项）漓江一、二西路特殊地基处理工程,,,1,四川保盛建设集团有限公司,460001,专业分包,0,联营,,,,0,,32d4e5ab90be3c135c949fbdf09ff5e9,,,,164067,17165408496590000
e5e8bd5755cb4d20a7c0686a8e13be6e,10259,朝天区三滩村至龙门等道路工程-潜溪路一段,三滩村潜溪路一段,正式项目,141,四川保盛建设集团有限公司,3210001,市政工程,1,联营,朝天区朝天镇,,,0,112,3c3c12713c9840baad2ec9677d4f09f9,,,,109847,16982986256470000
e6b323e651a7407e9ee9191cfbe285a4,17654369612170000,沸水小学空调电力改造安装工程,,,571,保盛绵阳分公司,10890001,电力工程,1,联营,,,,1,,c2b8aa1d8f7052ae690ef2d67428d628,,,,238997,17659365207170001
e712d2cd1f10406abfd3f4857656495d,10856,西南大数据创新应用中心项目-深潜土石方工程,,正式项目,1,四川保盛建设集团有限公司,10740001,土石方工程,0,联营,,,,0,661,847613e51ad74478a83f8c688a038ffb,,,,109384,16982984781020001
e7d967ab98084a1bb1efdb2e0cd7674c,10840,杨永田项目,,正式项目,1,四川保盛建设集团有限公司,400001,市政工程,0,联营,,,,0,645,a4d17a2610f54c77a8bac5c0c155bf29,,,,109399,16982984799460000
e7df166996ed40c5abbb0c97cd6cd86d,10785,绵阳市游仙区盐泉镇道碑观索桥危桥改造工程项目,,正式项目,1,四川保盛建设集团有限公司,10120001,公路工程,1,联营,,,,0,590,359c9062eff546c39f9d17f092aabc92,,,,109443,16982984856020001
e8882f317dfd4b8197a28571795b4200,17670600201370000,绵竹市城乡供水一体化项目(高柏、红旗)劳务、机械协作单位,,,1,四川保盛建设集团有限公司,440001,水利工程,1,联营,,,,1,,d25db53b8479194c33a67bb6ba5c6c9e,,,,,
e8a559bf5ba24de8b25213c1b7be2a78,10703,东莞市长安镇莞港跨境货物运输接驳点工程,,正式项目,1,四川保盛建设集团有限公司,10760001,专业分包,1,联营,,,,0,508,3f976a3c5cc64547ae97714029b67dc8,,,,109511,16982984939930001
e8f89b108b8e4e46b84c1d3a60233d10,17332980982840000,南川区石溪镇2024年农村公路（学校至王官果业（主干道至家禽屠宰场）、灯草湾至枫香榜）建设项目,,,1,四川保盛建设集团有限公司,430001,公路工程,0,联营,,,,0,,b3e2334f0bc09f12971e86a1bd0a49f6,,,,190046,17339744721150000
e91ab58b0d264ccaba5f9356ad85ae44,17567984540140000,西部(重庆)科学城保障性住房(一期)室外 综合管网、景观、绿化、围墙、精装修及 标识标牌系统工程,,,570,保盛重庆分公司,390001,房建工程,1,联营,,,,1,,cc16d57d874ece03cefb6ba327509d0d,,,,225633,17572972969360000
e924a06df23947afb4218e1c38b3cfe8,17303370387210000,花荄镇兴福村草溪河石拱桥维修加固工程,,,1,四川保盛建设集团有限公司,390001,房建工程,0,联营,,,,0,,78cd144fb70d7e3cac049da8809b1176,,,,188214,17310569326780000
e9ef3126e9594e518a5e518047574439,10252,中江县小型汽车驾驶人考场建设项目,,正式项目,141,四川保盛建设集团有限公司,390001,房建,1,自营,,,"建设内容及规模:占地:113339平方,新建驾驶人考场 综合楼建筑面积500方米及附属配套设施",0,106,94d3a5cbebcf49f7bbfbabe8e46ede52,,,,109851,16982986261940000
e9f5e654b3e249c3b4fd1600dcb58c63,16970752554450000,德阳市中心城区照明改造工程-10KV配电工程,,,1,四川保盛建设集团有限公司,10890001,电力工程,0,联营,,,,0,,59d769515675876ed40ec5818aba2cb2,,,,109355,16982981440600000
e9f8e5da180a4ac59191def6a721a33c,17295011973240000,四川建筑职业技术学院德阳校区垃圾压缩站项目（第二次）,,,1,四川保盛建设集团有限公司,390001,房建工程,0,联营,,,,0,,f6cbc85edfd7bef6f6fd8afc6dbdbb7f,,,,181662,17295798123240001
ea0e76e15df1488590e9ed4a1e25fee1,10738,大足区2022年宝兴镇等（2）个镇丘陵山区高标准农田改造提升示范工程试点项目,,正式项目,1,四川保盛建设集团有限公司,10730001,水利水电工程,1,联营,,,,0,543,53cf386191a44d86a618284de18c0dd7,,,,109484,16982984906490000
ea7b223b560a4d998f5fc6f14cb2bd3c,10566,城西片区青衣江路西段道路五段,,正式项目,1,四川保盛建设集团有限公司,3210001,市政工程,1,联营,,,,0,374,8555a1bc9c814494a5a8c3b211d4f0d4,,,,109627,16982985671010001
eaec532f7b9b47a4bf4c0c2989290a70,16957211364520000,中国农业发展银行什邡市支行雨、污管道改造项目,,,1,四川保盛建设集团有限公司,400001,市政工程,0,联营,,,,0,,3e70c4ed72f1576c70b71093dbf8ddc4,,,,109362,16982984754300001
eb14bf937d704385be6d6c968b71bac5,16943106702060000,万润苑改造项目,,正式项目,1,四川保盛建设集团有限公司,390001,房建工程,1,,,,,0,,aba52de641123c5efa79b2104a99560e,,,,,
eb4cf9d9b714420e89a3c2a6fff6f8d5,10726,德阳市旌阳区医养结合中心及精神病院区建设项目,,正式项目,1,四川保盛建设集团有限公司,10760001,专业分包,1,联营,,,,0,531,3586310e807d404db4c88636890a570c,,,,109495,16982984920080000
ec3d1ca099cc49fb82659e6f12c3fef4,10385,剑阁县秀钟乡太清村2017年农村饮水安全巩固提升项目工程,,正式项目,1,四川保盛建设集团有限公司,3310001,水利工程,1,联营,,,,0,199,e08945e2c20c44e29ce4a9ec2a3c2640,,,,,
ec3ec41ba43448d5b51353272d63d4aa,10451,宜宾机场航站区配套工程公安设备工程,,正式项目,1,四川保盛建设集团有限公司,5960001,劳务工程,1,联营,,,,0,259,283f57d8589d4c20a03232390a4679d0,,,,109717,16982985786320000
ec6c84495a4448b6ba0356b8bfd95b3d,17024383781120000,德阳市主城区园林绿化及市政设施提档升级项目（庐山路及长江路示范段）,,,1,四川保盛建设集团有限公司,400001,市政工程,1,联营,,,,0,,5370b4bc0355cec073a6ae07cd370092,,,,120164,17024385177820000
ec8e6e03ff4c40cfb4ce25cdddc7474e,10504,向东工程,,正式项目,1,四川保盛建设集团有限公司,9680001,劳务分包,1,联营,,,,0,313,06e5f74d6d934d98b91d0cd5e3afcd7b,,,,109682,16982985743040001
ecd2fbc747a541cca5ec8572052e2451,10338,苍溪县五龙镇城乡建设用地增减挂钩项目,,正式项目,141,四川保盛建设集团有限公司,3310001,水利工程,1,联营,,,,0,177,857e939b667641bd8ae8e83b0fc78aa8,,,,109780,16982986171160001
ed56c6b210964e16806002ca33cee644,17750331973210000,深圳市捷顺科技实业股份有限公司年度外包合同,,,570,保盛重庆分公司,420001,装修装饰,1,联营,,,,1,,b5e1314355e3d45b78cbb9f7a17b93a2,,,,,
ed83a5f4dfe24e3c92d5ece83267f800,10858,城口县明通镇中心小学改扩建及幼儿园建设项目,,正式项目,1,四川保盛建设集团有限公司,390001,房建工程,0,联营,,,,0,663,750ea884203448cca5c26b5c5cf4fdb8,,,,109382,16982984778370001
edd87052c5a044328e248bb6b8168598,10656,德阳保利国际城中央花园A区二标段土建及水电安装总承包工程,,正式项目,1,四川保盛建设集团有限公司,10760001,专业分包,1,联营,,,,0,463,f8044d5fdeb649e3a724007b1fc31638,,,,109548,16982984989140001
ee4dbf78773b4fe2a43fdf283635ef4d,10831,二重厂西路（华山路-衡山路）市政道路工程、衡山路（二重厂西路-韩江路）市政道路工程、琴江路、武江路（华山路-规划路）市政道路工程 沥青路面、水稳基层专业分包,,正式项目,1,四川保盛建设集团有限公司,460001,专业分包,1,自营,,,,0,636,5e81035f1a8c45bfabe1237adcea2f66,,,,109408,16982984810400000
ee58e169dc56474284f6bb85b6e0d51f,10784,经开区应急周转房项目（2#）工程,,正式项目,1,四川保盛建设集团有限公司,10760001,专业分包,1,联营,,,,0,589,ebf24014c11e443c8edc69504a6fd2bb,,,,109444,16982984857270000
ef18f8708c5b493d841efc8c3f3c9fe9,10592,广清城际轨道交通项目（花都段）安置区工程(狮岭镇前进安置区) 一期施工总承包项目（市政园林工程施工）专业分包合同,,正式项目,1,四川保盛建设集团有限公司,10380001,园林绿化工程,1,联营,,,,0,400,65ceb730005f46109317844f35ce5d63,,,,109603,16982985640390000
ef4ade9de4e74f63bf72ccb6786c604a,17260262986440000,2024-2025年度成都所区零星工程框架协议,,,1,四川保盛建设集团有限公司,390001,房建工程,0,联营,,,,0,,1556f16f5734391e2205fb182afdc9b8,,,,179951,17268181875600001
efedf2ee02f84c20bee514662834df29,17254196267250000,河黄路种子加工中心至双佳养殖场、罗绵路至种子加工中心、制种基地展示中心至种子加工中心、罗绵路至彩色油路沥青混凝土路面摊铺,,,1,四川保盛建设集团有限公司,400001,市政工程,0,联营,,,,0,,90e4da60f5f26567e6db9df37cf1d727,,,,,
effd5e093a8a4663926b94a97696abf6,17159374956610000,德阳市罗江区综合行政执法局2024年罗江区零星市政维修工程（苍海D区、潺亭中学旁等7座公厕维修改造）,,,1,四川保盛建设集团有限公司,390001,房建工程,0,联营,,,,0,,4f999282c89a772a31b731b196165cbd,,,,163674,17159375027860000
f0548e3dd1ea48b39a60d52766f1c466,10786,德阳经济技术开发区产城融合示范园区基础设施建设 旌湖路 、 太湖路道路改造工程,,正式项目,1,四川保盛建设集团有限公司,3210001,市政工程,1,联营,,,,0,591,45795f31de144ac084835f4ef368b8e4,,,,109442,16982984854770001
f0746ee8f26b4368875b92ca0b10b241,10402,前油库卸油平台防腐处理及卸油系统改造项目,,正式项目,1,四川保盛建设集团有限公司,440001,防腐保温,1,联营,,,,0,210,a239b1b19f07449ba91229e20a367b2f,,,,109748,16982985826950000
f076f5c267084d478373fc91f1157091,10778,模锻厂45MN泵站降温改造,,正式项目,1,四川保盛建设集团有限公司,10760001,专业分包,1,联营,,,,0,583,53d0ad7401cd454fabcc1f1e44e6ef8d,,,,109450,16982984864610001
f0d13d9a3be74f30a0c7389e034d1496,10682,德阳市罗江区调元镇顺河村农村生活污水治理建设项目,,正式项目,1,四川保盛建设集团有限公司,3210001,市政工程,1,联营,,,,0,488,827ebc4746d84783b1f933339cf52e16,,,,109525,16982984957430001
f0d85ad0105443808f71c033f53a85c2,10550,中国移动四川公司南充分公司2021-2022年渠道维修采购项目框架协议,,正式项目,1,四川保盛建设集团有限公司,9430001,装饰装修,1,联营,,,,0,358,8a9ca70c7e674ae6adc18caf6f46af3a,,,,109641,16982985689140000
f0efe9aa0fc946c7aadaad11ed6105bd,17442740971790000,四川致远锂业有限公司一号窑收尘器基础工程,,,1,四川保盛建设集团有限公司,390001,房建工程,1,联营,,,,1,,82aa02c3866f6439821c4fcdc41bee4e,,,,212775,17468599308140000
f12172c47e6b4a4285f6fdfc780b24d3,17406460620770000,重庆市璧山区璧城街道老旧小区改造建设项目（东关社区）,,,570,保盛重庆分公司,390001,房建工程,0,联营,,,,1,,aa6ec39fa0c845b6d0cddf7e51588982,,,,201725,17427171536370000
f12a441ef7dc4acba80bdce8a6b1b6e3,17001006385330000,德阳站综合交通枢纽改造项目（旌阳区长江流域可持续发展（沱江上游-绵远河段）综合治理项目-河西段）工程,,,1,四川保盛建设集团有限公司,460001,专业分包,1,联营,,,,0,,0016e876e59981d1903e2ce4eb7f39bf,,,,115138,17018337600290001
f1b18dce54fc409eafce2b38cf431fe1,17555647945310000,中国人民解放军 32167 部队66 号楼整修项目,,,1,四川保盛建设集团有限公司,420001,装修装饰,1,联营,,,,1,,f499e5c94d58c71ec1b7545e5d5f649f,,,,,
f317a95150bd4989a3a673a4796c3c9c,10521,中江实验中学新建教学及辅助用房和附属工程（一期）,,正式项目,1,四川保盛建设集团有限公司,9920001,房建工程,1,联营,,,,0,330,694b7667f7c14aa3b3898497de05b7c7,,,,109666,16982985723040001
f38cc5d7d0ac4c758b7547effc62c97a,10320,苍溪县歧坪镇爱国村等11个村城乡建设用地增减挂钩项目,苍溪县歧坪镇增减挂钩,正式项目,141,四川保盛建设集团有限公司,3310001,水利工程,1,联营,,,,0,159,943a218728f74983bd1685a934457af7,,,,109794,16982986188970001
f3d8f9c8218e49a89d660257c4cf9dca,10827,绵阳高新区普明街道古泉社区居民委员会普明街道古泉社区农业灌溉水利设施整治提升项目,,正式项目,1,四川保盛建设集团有限公司,440001,水利工程,1,联营,,,,0,632,0c41e93314874a2597fd6992678ec61d,,,,109411,16982984816650000
f421214fc99b4c4fb133e82c9acfb9b9,10582,管网安装抢修零星土石方开挖恢复及用工等年度外包项目（1年）,,正式项目,1,四川保盛建设集团有限公司,460001,专业分包,1,联营,,,,0,390,ff478185855e4372a1022af06ce66890,,,,109612,16982985652730000
