run_id,neutral_id,legacy_member_id,project_id,user_id,role_fact_status,write_action_result
ITER-2026-04-15-1994N,5035,af0e9047eb84477c8e0315ec75fbcea7,2682,8,missing,created
ITER-2026-04-15-1994N,5036,af12fb8871694d59afe4f5121ea9fb26,2151,12,missing,created
ITER-2026-04-15-1994N,5037,af15b200456d457a9eb8875679965b81,2304,12,missing,created
ITER-2026-04-15-1994N,5038,af16ac46747c4740ac4b5d54dd35ebd6,2324,12,missing,created
ITER-2026-04-15-1994N,5039,af1f3e8e289742a69dcaf36feed8e27a,2570,12,missing,created
ITER-2026-04-15-1994N,5040,af32bd41405b465ea106009310c2ba69,2520,12,missing,created
ITER-2026-04-15-1994N,5041,af3c650c8f2b46388c5b27d8f697eb5a,2196,12,missing,created
ITER-2026-04-15-1994N,5042,af5d90a4ef864118be0bb9a0ed0b5c15,2719,8,missing,created
ITER-2026-04-15-1994N,5043,af6b44e8ba9d4239a550b1fe7791a20e,2720,12,missing,created
ITER-2026-04-15-1994N,5044,af6dd8294f4d43baa64eb8e8d31e0edb,2243,12,missing,created
ITER-2026-04-15-1994N,5045,af6e525744494320a43e6a8ed45bf1c9,2356,12,missing,created
ITER-2026-04-15-1994N,5046,af6fcee41e1f4fe98f1a0e36cb5ca802,2174,8,missing,created
ITER-2026-04-15-1994N,5047,af771ae12afc4fae82539d2027e92ee9,2343,8,missing,created
ITER-2026-04-15-1994N,5048,af82ed5432b247c9ad81c554b18bf1a0,2699,12,missing,created
ITER-2026-04-15-1994N,5049,af851b133e464a65821d9b52da33203a,2132,12,missing,created
ITER-2026-04-15-1994N,5050,af8aa33b6c4c4866987a12a6b9f19f00,2389,12,missing,created
ITER-2026-04-15-1994N,5051,af930ba1cef34ae38e87f862c474f181,2807,12,missing,created
ITER-2026-04-15-1994N,5052,AF9E9DE2-6680-47D9-AC38-123261FC17D2,2652,8,missing,created
ITER-2026-04-15-1994N,5053,afb1cae945354f88bba1ebc070696696,2663,12,missing,created
ITER-2026-04-15-1994N,5054,afbbd6bdcff749afa81878fdf6bfecc3,2356,12,missing,created
ITER-2026-04-15-1994N,5055,afd16317b97947c0a7a016644fd1e574,2686,12,missing,created
ITER-2026-04-15-1994N,5056,afdf4d1205b64415bec47934fc191171,2577,8,missing,created
ITER-2026-04-15-1994N,5057,afe7bdc6768d4dc3b2f37c93737e074b,2859,12,missing,created
ITER-2026-04-15-1994N,5058,aff79fdc8aa04b75872ea520778bab31,2563,12,missing,created
ITER-2026-04-15-1994N,5059,b00ac1a5bd4543a692cb7eea69f92cec,2637,12,missing,created
ITER-2026-04-15-1994N,5060,b00e0f2ce19f4502bacb2cc1ddda3bd8,2550,8,missing,created
ITER-2026-04-15-1994N,5061,B0328F10-2B85-47C1-AB3C-EB86A39BBF8A,2399,8,missing,created
ITER-2026-04-15-1994N,5062,B0448176-4AD6-41A4-91C9-4C6F8CD65751,2263,8,missing,created
ITER-2026-04-15-1994N,5063,b04504732a71401c956959ae07e6b328,2510,14,missing,created
ITER-2026-04-15-1994N,5064,b04506344d1541e49282bf301db1bbaf,2705,8,missing,created
ITER-2026-04-15-1994N,5065,b071a5a9225f46f9863670d09e7a2a3d,2175,8,missing,created
ITER-2026-04-15-1994N,5066,B0728DFA-BEF6-4EA9-8CC6-B5AACC75263B,2809,8,missing,created
ITER-2026-04-15-1994N,5067,b07fc2d8ab91418aa82e211bde6bac9f,2437,12,missing,created
ITER-2026-04-15-1994N,5068,B080E2FC-7E39-4E17-880A-02391EC0F1DF,2533,8,missing,created
ITER-2026-04-15-1994N,5069,B08556CB-F892-4A74-A783-D71FE669A62E,2714,8,missing,created
ITER-2026-04-15-1994N,5070,b09bc84771044f4c8538da570f4073a5,2671,8,missing,created
ITER-2026-04-15-1994N,5071,b0a3d2e324b149029313e2509fe7e23b,2310,8,missing,created
ITER-2026-04-15-1994N,5072,b0aaac6d2f234519b1c91fa64bf81fa8,2327,12,missing,created
ITER-2026-04-15-1994N,5073,b0b37b3f00174e54adc7c28744685267,2580,12,missing,created
ITER-2026-04-15-1994N,5074,b0b7e02d87ad48538cd5d15d171bf6cd,2449,8,missing,created
ITER-2026-04-15-1994N,5075,b0c25beb855d4a129e240cfdd8362646,2205,8,missing,created
ITER-2026-04-15-1994N,5076,b0ca11841b524457aef062c44a408b1f,2847,12,missing,created
ITER-2026-04-15-1994N,5077,b0d4cf1863b04b3e953053acd8a4cf86,2722,12,missing,created
ITER-2026-04-15-1994N,5078,b0db0031bf1d45528aae43d3c45a19df,2503,12,missing,created
ITER-2026-04-15-1994N,5079,b0e43a4e66c54b198912b267f3be2641,2343,8,missing,created
ITER-2026-04-15-1994N,5080,b0e50c6831b54108a905567af276ebaf,2449,8,missing,created
ITER-2026-04-15-1994N,5081,b0e7a419a2294a3b9b8abf9004e19afe,2677,8,missing,created
ITER-2026-04-15-1994N,5082,B0EB5DE6-B969-438F-A9BA-688B5D74B0FC,2147,8,missing,created
ITER-2026-04-15-1994N,5083,b1011632a8e94d23a2f304e2be5de2cf,2517,8,missing,created
ITER-2026-04-15-1994N,5084,b103b5b15623419089e9044a6abd2d9a,2349,8,missing,created
ITER-2026-04-15-1994N,5085,b1040a402e66434a934c3dbe4283e9c8,2547,12,missing,created
ITER-2026-04-15-1994N,5086,B1055744-2165-45D4-96A3-644A137FFF0F,2774,8,missing,created
ITER-2026-04-15-1994N,5087,b10ca14b55f74db289eb2f4136c171ec,2752,8,missing,created
ITER-2026-04-15-1994N,5088,b10d36c7086f4b29be558519c3d80f30,2745,12,missing,created
ITER-2026-04-15-1994N,5089,b11453df234f4d848ba20e083da50b42,2180,12,missing,created
ITER-2026-04-15-1994N,5090,b11c9fff44f84df5be44fa1c7ef91e26,2310,8,missing,created
ITER-2026-04-15-1994N,5091,b12a9b1f34f44a0a8e9b728018415373,2556,8,missing,created
ITER-2026-04-15-1994N,5092,b12c7570f03045fc9a3ace18a91658b8,2713,12,missing,created
ITER-2026-04-15-1994N,5093,b139d128a29a4313a4971ad1fd244a39,2151,12,missing,created
ITER-2026-04-15-1994N,5094,b1400acb17de461f82fb230f58460be5,2703,8,missing,created
ITER-2026-04-15-1994N,5095,b14081172d5d4ec3bcdc11dd9b16ec12,2421,12,missing,created
ITER-2026-04-15-1994N,5096,b14510e795f44d1d89ae8f62e2a72700,2380,12,missing,created
ITER-2026-04-15-1994N,5097,b15ed5429bb94189b3e787d81a5ef494,2624,8,missing,created
ITER-2026-04-15-1994N,5098,b166288e4a3e4d6bb67934509b21319b,2734,8,missing,created
ITER-2026-04-15-1994N,5099,b16fa43f90c94698bcf8d6952834fac7,2378,12,missing,created
ITER-2026-04-15-1994N,5100,b172cd2d97914c7aa4561ce5b4cb8415,2525,12,missing,created
ITER-2026-04-15-1994N,5101,b17f1513b33949b5a2467800506c9e88,2189,12,missing,created
ITER-2026-04-15-1994N,5102,b183d67b5aaa4053916ecfe3bed1eaba,2831,12,missing,created
ITER-2026-04-15-1994N,5103,b1845cdb233d41a4954c144c895fd7a6,2308,12,missing,created
ITER-2026-04-15-1994N,5104,b18764b91d1648f48cd72947e9054837,2547,12,missing,created
ITER-2026-04-15-1994N,5105,b1922858ad1f4303beaddef6f9963fbc,2348,8,missing,created
ITER-2026-04-15-1994N,5106,b19838e67aed46f3be66d96c93265e06,2812,12,missing,created
ITER-2026-04-15-1994N,5107,b19ad6b1ba834c27a6847cbf68b0b3f3,2714,8,missing,created
ITER-2026-04-15-1994N,5108,B1A5B4C4-798F-4351-B1BC-34A7FC050F46,2552,8,missing,created
ITER-2026-04-15-1994N,5109,b1aa376eb0f54e6289bdae5dca2c7173,2478,12,missing,created
ITER-2026-04-15-1994N,5110,b1c3a6ee5302496ca727570e8589b132,2339,12,missing,created
ITER-2026-04-15-1994N,5111,b1c3ef77b0464a20bd954d195fe5c71e,2235,12,missing,created
ITER-2026-04-15-1994N,5112,b1c689970ee44ae89b9a82574af9f53f,2251,12,missing,created
ITER-2026-04-15-1994N,5113,b1d14a12317c4581bce9a954f940e818,2456,8,missing,created
ITER-2026-04-15-1994N,5114,b1e0f7e3c93d465886415c89f1216ebf,2547,12,missing,created
ITER-2026-04-15-1994N,5115,b1ef8eee9dd9406f91d9db29f92ea974,2632,12,missing,created
ITER-2026-04-15-1994N,5116,b2009e01bdd54eb6ad7f8873da82546f,2245,14,missing,created
ITER-2026-04-15-1994N,5117,b20125a6aa074f618b34839823f9d219,2787,12,missing,created
ITER-2026-04-15-1994N,5118,b204c6a3ab704280b1bd1c73a86b7fb6,2251,12,missing,created
ITER-2026-04-15-1994N,5119,b229f01460f44352a112a7324769747f,2659,12,missing,created
ITER-2026-04-15-1994N,5120,b238bff8d3f248169d3fb33f18a5d07a,2780,12,missing,created
ITER-2026-04-15-1994N,5121,b244df0ec47c4e2e9a92ce8052bc2310,2156,12,missing,created
ITER-2026-04-15-1994N,5122,b2543fe6cb6b4606972297a86dd9ed29,2282,8,missing,created
ITER-2026-04-15-1994N,5123,B255366D-163B-4E2F-A0DE-571C51E1B86A,2500,8,missing,created
ITER-2026-04-15-1994N,5124,B280A9AE-FC71-487A-9729-9DC076BBE8BA,2497,8,missing,created
ITER-2026-04-15-1994N,5125,b280de26cda1449ba96c502fe277e680,2845,12,missing,created
ITER-2026-04-15-1994N,5126,b2846dc6bce7441b806fc0bdbb5b52bd,2597,8,missing,created
ITER-2026-04-15-1994N,5127,b294179e2b544fe29ff3fa8cfde28211,2336,8,missing,created
ITER-2026-04-15-1994N,5128,b29a05b562cf419b9f4f7161d27f56f5,2207,12,missing,created
ITER-2026-04-15-1994N,5129,b2a59785edc849378ba0b06e90822dd8,2142,12,missing,created
ITER-2026-04-15-1994N,5130,b2ab29157ed74b6da193e8213cccf2d8,2482,12,missing,created
ITER-2026-04-15-1994N,5131,b2b8504af51e4807b6f6c03661083541,2531,12,missing,created
ITER-2026-04-15-1994N,5132,b2c788243e6248c4b24f178d38adada4,2286,12,missing,created
ITER-2026-04-15-1994N,5133,b2c8c6702c374596b1f68cb5cdcf931c,2506,8,missing,created
ITER-2026-04-15-1994N,5134,b2d1edd6d77a45909b48d457585b473b,2821,12,missing,created
ITER-2026-04-15-1994N,5135,b2d928b31dc14041abef971cef4b8751,2384,12,missing,created
ITER-2026-04-15-1994N,5136,b2e8de15dfea4663acc226b3772881f2,2532,8,missing,created
ITER-2026-04-15-1994N,5137,b2ea9c42f46d4c8cbcfdd7eafded7bc1,2568,12,missing,created
ITER-2026-04-15-1994N,5138,b2ec551d118f4cf5822923cba53f8cc1,2368,12,missing,created
ITER-2026-04-15-1994N,5139,B2F0C408-7E69-4A41-A182-2F9EE19D2B87,2272,8,missing,created
ITER-2026-04-15-1994N,5140,B2F5EF4C-6B17-427E-BA06-85D7821D0182,2811,8,missing,created
ITER-2026-04-15-1994N,5141,b2f96bb85bd04685b9a1bb7183fe6158,2579,12,missing,created
ITER-2026-04-15-1994N,5142,B2FE13EA-EAD1-4B8F-9426-AB69B69C17F6,2796,8,missing,created
ITER-2026-04-15-1994N,5143,B30E8595-3334-4407-A30D-C494CAEFFF13,2166,8,missing,created
ITER-2026-04-15-1994N,5144,b31f0f9a52be48998e5de407dc8cf2f1,2310,8,missing,created
ITER-2026-04-15-1994N,5145,b33868c8672141b1b343c44f39d4a122,2596,8,missing,created
ITER-2026-04-15-1994N,5146,b34d941312df449bb4ff7d9974d4665b,2271,12,missing,created
ITER-2026-04-15-1994N,5147,b3505c5c4648425bbca69abc19080b6c,2558,8,missing,created
ITER-2026-04-15-1994N,5148,B353F86A-0243-4C19-907B-0A58AF17BF79,2490,8,missing,created
ITER-2026-04-15-1994N,5149,B35C3665-4CF6-46DC-ACB9-4E45A92E9F16,2248,8,missing,created
ITER-2026-04-15-1994N,5150,b35da6a94f0c4ed48ee67e087cbf149a,2830,12,missing,created
ITER-2026-04-15-1994N,5151,b35eabfb80064f7c873db7cdafc163cf,2516,12,missing,created
ITER-2026-04-15-1994N,5152,b35ee50f540d46a8abd197022bbd18cb,2140,12,missing,created
ITER-2026-04-15-1994N,5153,b364fb4e33d640a1a972c918128cc459,2565,12,missing,created
ITER-2026-04-15-1994N,5154,b3675f43076d4343af1229afdd87d8df,2773,12,missing,created
ITER-2026-04-15-1994N,5155,b367d9d7a0464ccda40bdee7da469d9f,2331,8,missing,created
ITER-2026-04-15-1994N,5156,b37c1cbd6a314f378085050969a63cf8,2547,12,missing,created
ITER-2026-04-15-1994N,5157,b388aa5b9e5746fab1d857b61bd6850e,2119,8,missing,created
ITER-2026-04-15-1994N,5158,b395a356e5404ab191360dbf2117544e,2318,12,missing,created
ITER-2026-04-15-1994N,5159,b397550485284ecc8ad6e091fc0097c9,2788,12,missing,created
ITER-2026-04-15-1994N,5160,B39E6820-3E29-414D-8B54-67AD2129EFC6,2714,8,missing,created
ITER-2026-04-15-1994N,5161,b3ab2cf509f44eb1af31e240099f7fee,2290,12,missing,created
ITER-2026-04-15-1994N,5162,b3c88559f68a41eea9d6cb3edb5b0fef,2538,12,missing,created
ITER-2026-04-15-1994N,5163,b3cff8b97ffe4a09a3076219183abf6b,2590,8,missing,created
ITER-2026-04-15-1994N,5164,b3d499a8966d46d59686e807c9a90a1e,2559,8,missing,created
ITER-2026-04-15-1994N,5165,B3E88874-4FF3-4872-A234-C2B9751454AE,2326,8,missing,created
ITER-2026-04-15-1994N,5166,b3ee2c74e5734dc2be566bf7febeaa67,2780,12,missing,created
ITER-2026-04-15-1994N,5167,b3ef942ef135493886d6a723d2cfa1fd,2145,12,missing,created
ITER-2026-04-15-1994N,5168,b3f2ab9bee6444d09997f91a46123156,2859,12,missing,created
ITER-2026-04-15-1994N,5169,b3f2b0dd6b3b492981d89702405a5fa8,2294,12,missing,created
ITER-2026-04-15-1994N,5170,b3f78522f8ea4faca4e0a597e80eb0d5,2523,12,missing,created
ITER-2026-04-15-1994N,5171,b3fc8b18a0e94f4c95d97f20b16e1fe9,2184,12,missing,created
ITER-2026-04-15-1994N,5172,b3fd006b740c41d4936d526c139b3fea,2139,12,missing,created
ITER-2026-04-15-1994N,5173,b40ef536911d48cd8d25cafef6a4aa76,2474,12,missing,created
ITER-2026-04-15-1994N,5174,b40f1cba5fcc4add97a09030acfe47fd,2321,8,missing,created
ITER-2026-04-15-1994N,5175,b4143026e9ca468a80dbb6088825c83c,2374,12,missing,created
ITER-2026-04-15-1994N,5176,b41a91f470e9448885a92ebe544adfe5,2592,12,missing,created
ITER-2026-04-15-1994N,5177,b41fa7fc3f3a4d129dd8e6a7731b168e,2630,8,missing,created
ITER-2026-04-15-1994N,5178,b421519cf2b5473cb06cc0679e73158b,2160,12,missing,created
ITER-2026-04-15-1994N,5179,b423244cf5324e248adc2a44b0294ad7,2156,12,missing,created
ITER-2026-04-15-1994N,5180,b42787c50dcd4410950592eb7fc5330f,2518,12,missing,created
ITER-2026-04-15-1994N,5181,b43afc401400497d8cafa174ef82f39f,2852,8,missing,created
ITER-2026-04-15-1994N,5182,b4458f6e2c0b4dbfb8f2afc12b4b253c,2247,12,missing,created
ITER-2026-04-15-1994N,5183,b45306a6d35146abb36fdf80b32b7744,2801,12,missing,created
ITER-2026-04-15-1994N,5184,b45309739bd244b7ab17a8f1b9d291cd,2367,8,missing,created
ITER-2026-04-15-1994N,5185,b4672780ded9482ab49176349f41ca34,2151,12,missing,created
ITER-2026-04-15-1994N,5186,b4676c841cbd44ea943cd94de2c8a52e,2520,12,missing,created
ITER-2026-04-15-1994N,5187,b46c6da4350141da80d460cb389df577,2156,12,missing,created
ITER-2026-04-15-1994N,5188,b47de267304b43bcab31268ed2897ded,2343,8,missing,created
ITER-2026-04-15-1994N,5189,b4817595813e4f13a91d0c2d85f8e96e,2625,12,missing,created
ITER-2026-04-15-1994N,5190,b4829c9f5e30478fa8d4446c5f447b66,2557,12,missing,created
ITER-2026-04-15-1994N,5191,b48350186d8344b3b00581ba733765eb,2351,12,missing,created
ITER-2026-04-15-1994N,5192,b48d79fed2954023979601348404bf18,2188,12,missing,created
ITER-2026-04-15-1994N,5193,b49035e8bbfc4909bd074b205847af9d,2729,12,missing,created
ITER-2026-04-15-1994N,5194,B491B117-0707-499B-8018-A9DDA681AED9,2449,8,missing,created
ITER-2026-04-15-1994N,5195,b4a3443663e64d58991f7fa322794b94,2538,12,missing,created
ITER-2026-04-15-1994N,5196,b4a88dc24f42437e9e7116726cd7959c,2678,8,missing,created
ITER-2026-04-15-1994N,5197,b4c120d8ad9e468586c7ff2de935bac3,2531,12,missing,created
ITER-2026-04-15-1994N,5198,b4cfc4899db14d44a638e83845dc0fc1,2568,12,missing,created
ITER-2026-04-15-1994N,5199,b4d7abba6d2740e9a3e22574ae8529a7,2598,8,missing,created
ITER-2026-04-15-1994N,5200,B4DEFCAB-0337-4117-B5B0-5041BD652E22,2208,8,missing,created
ITER-2026-04-15-1994N,5201,b4ed43bb17784caca04261c420179b85,2779,8,missing,created
ITER-2026-04-15-1994N,5202,b4ef14f58a6d474e94509df5506a356f,2161,12,missing,created
ITER-2026-04-15-1994N,5203,b4f9a354ef974c51bda6cd7a56f369c9,2790,12,missing,created
ITER-2026-04-15-1994N,5204,b4ffe351898c4a83bc97ec88a60cd5fd,2384,12,missing,created
ITER-2026-04-15-1994N,5205,b50f91e232194842b25ed7f87a800b2b,2294,12,missing,created
ITER-2026-04-15-1994N,5206,b511bcb4db3b4f60956fe76b087fda08,2318,12,missing,created
ITER-2026-04-15-1994N,5207,b51f7ed6cfb64b8b9b68e06631851be7,2546,12,missing,created
ITER-2026-04-15-1994N,5208,b5298e019ea44797a030d24c943fce0e,2431,12,missing,created
ITER-2026-04-15-1994N,5209,b52e6c38b7db4edf8bd5100b91e0ea36,2779,8,missing,created
ITER-2026-04-15-1994N,5210,B5310EAE-D8FC-4637-9376-6A37F3044A4A,2394,8,missing,created
ITER-2026-04-15-1994N,5211,b5392ac2f9fd406895cf9d0a44512033,2492,8,missing,created
ITER-2026-04-15-1994N,5212,b544f76ae83745e8bcd7a8fc99c0ce79,2698,12,missing,created
ITER-2026-04-15-1994N,5213,b546858e7b234e8181a5f6867c8fe80b,2132,12,missing,created
ITER-2026-04-15-1994N,5214,B548407A-28C8-4F72-BF81-CFDA57B69DDC,2569,8,missing,created
ITER-2026-04-15-1994N,5215,b54863b8a34b4f369829359367d1b3eb,2317,8,missing,created
ITER-2026-04-15-1994N,5216,b54ef641d97a46e2a315a9ef51878481,2595,12,missing,created
ITER-2026-04-15-1994N,5217,b55ba9fe30c847809ef47e4bd61fe969,2546,12,missing,created
ITER-2026-04-15-1994N,5218,b561a834ed624799a9816e42e0da8174,2755,12,missing,created
ITER-2026-04-15-1994N,5219,b57460b76be64586aa2d6854598b7b36,2737,12,missing,created
ITER-2026-04-15-1994N,5220,b5775ff3d1b64cc2a1c92428d68c5d29,2660,12,missing,created
ITER-2026-04-15-1994N,5221,b57aa341a4b44f02b003a6ce1dadd51f,2242,8,missing,created
ITER-2026-04-15-1994N,5222,b58c8b5c3179432f9198ec57b6df6cfd,2800,12,missing,created
ITER-2026-04-15-1994N,5223,b58e7e3505c1441181551b948ff53197,2180,12,missing,created
ITER-2026-04-15-1994N,5224,b58ff50710884f06a6d22ec6f7cbc6e6,2161,12,missing,created
ITER-2026-04-15-1994N,5225,B5A0F82E-B8D2-4BF8-8F36-6DCEEA71CF08,2422,8,missing,created
ITER-2026-04-15-1994N,5226,b5a44f8d4a7c48cfbb758fee39f09851,2706,8,missing,created
ITER-2026-04-15-1994N,5227,B5A504F6-F98C-400D-8A04-CC5EE255EAF1,2541,8,missing,created
ITER-2026-04-15-1994N,5228,B5A915C4-287B-4AFD-8AC7-D48E1F802F8C,2228,8,missing,created
ITER-2026-04-15-1994N,5229,b5ba161b386a48c09aa7737c9fd41e82,2351,12,missing,created
ITER-2026-04-15-1994N,5230,b5d6bcb1a3d74fb49608e99b1239f7f3,2474,12,missing,created
ITER-2026-04-15-1994N,5231,b5e1c1f96fa4434593042faa2c0afb96,2316,12,missing,created
ITER-2026-04-15-1994N,5232,b5e56e28b644421dae5f760df6c53b63,2488,12,missing,created
ITER-2026-04-15-1994N,5233,b5ec20832bb44b0989470d45999214eb,2461,8,missing,created
ITER-2026-04-15-1994N,5234,b5f99820394a4c91b288fa664c3b2a54,2544,12,missing,created
ITER-2026-04-15-1994N,5235,b5fbe19512d641a59b8e7eda944c206b,2174,8,missing,created
ITER-2026-04-15-1994N,5236,b600bb6310ea4d24acf4e8dbde9b10df,2515,12,missing,created
ITER-2026-04-15-1994N,5237,b60da067acab4375b76eb72b3d974054,2174,8,missing,created
ITER-2026-04-15-1994N,5238,b61ee9986c9a488882353b0c61eef3b4,2812,12,missing,created
ITER-2026-04-15-1994N,5239,B624EBD7-2064-43E2-A3A0-6B329A1BC420,2782,8,missing,created
ITER-2026-04-15-1994N,5240,B6388D7B-5555-49FF-B21D-3E4B52B7F8F0,2320,8,missing,created
ITER-2026-04-15-1994N,5241,b640fd4ee5804bb894c6e8a7269600e8,2442,8,missing,created
ITER-2026-04-15-1994N,5242,b65cf284aaf2465eb1b2a23713412d97,2839,12,missing,created
ITER-2026-04-15-1994N,5243,B65E2172-275B-4B6B-97F5-EF0E62FDAD03,2490,8,missing,created
ITER-2026-04-15-1994N,5244,b65f137fbd8a4cb3b2d6fce49ffb93a2,2369,12,missing,created
ITER-2026-04-15-1994N,5245,b66c16b78da64aaebe3f2539b6aae8e1,2281,8,missing,created
ITER-2026-04-15-1994N,5246,b682b7820b674ca38197769146934fff,2343,8,missing,created
ITER-2026-04-15-1994N,5247,b6953261283b495f8ece1425296c4157,2322,8,missing,created
ITER-2026-04-15-1994N,5248,B6A04710-CA66-4E8E-8F4A-3277854A437D,2749,8,missing,created
ITER-2026-04-15-1994N,5249,B6B32FB4-FB80-42E7-92FC-DAF1BF67F850,2118,8,missing,created
ITER-2026-04-15-1994N,5250,b6c2a151007141dd96a9d4f0c2f4f23f,2518,12,missing,created
ITER-2026-04-15-1994N,5251,B6D4E46D-BA0D-4B7F-8931-9148823E31F3,2685,8,missing,created
ITER-2026-04-15-1994N,5252,b6d86a8d8dec4d639c9be75cb1c11d3d,2688,12,missing,created
ITER-2026-04-15-1994N,5253,B6EC646F-32F7-4EB3-96C0-C8071244939E,2262,8,missing,created
ITER-2026-04-15-1994N,5254,b6fda40d51c4466f8a230feb442e3a4a,2516,12,missing,created
ITER-2026-04-15-1994N,5255,B70B9594-24D5-445A-BDC3-A6389CF68599,2702,8,missing,created
ITER-2026-04-15-1994N,5256,b714822bff8d4d33973d970f70df1c3f,2250,8,missing,created
ITER-2026-04-15-1994N,5257,b71fd370e3844bb6b759fc3f3b9c5056,2573,12,missing,created
ITER-2026-04-15-1994N,5258,b73300ec10a642da9bcc352e8321ae1c,2337,12,missing,created
ITER-2026-04-15-1994N,5259,b73588743fea4f76bf584feca6ba27a5,2115,12,missing,created
ITER-2026-04-15-1994N,5260,b738d1eeac0a45d49357f69058adf37d,2690,8,missing,created
ITER-2026-04-15-1994N,5261,b741f45040ea42aea272cbc01f760ee6,2845,12,missing,created
ITER-2026-04-15-1994N,5262,b741fa9c2ad94ba9ab50efb307862e64,2271,12,missing,created
ITER-2026-04-15-1994N,5263,b74408bbec33431b8778720d6e662fa8,2522,12,missing,created
ITER-2026-04-15-1994N,5264,B7492B6B-88B3-40DA-B46D-EDB08D919BB2,2851,8,missing,created
ITER-2026-04-15-1994N,5265,b75b73e3ca8b4fd9ad6d82871e049727,2791,8,missing,created
ITER-2026-04-15-1994N,5266,b7787d497e6d4c5584e41aec7e1a2638,2852,8,missing,created
ITER-2026-04-15-1994N,5267,b7954b4f53ac4d498cf10efe4ea7321f,2609,8,missing,created
ITER-2026-04-15-1994N,5268,B7A0C2B3-A2CE-47C6-B4FB-D02FAFECB791,2423,8,missing,created
ITER-2026-04-15-1994N,5269,B7AA6D80-830E-4EC5-91B9-B824B71AB24D,2589,8,missing,created
ITER-2026-04-15-1994N,5270,B7B962DC-30AA-409F-9A78-627B0985B439,2435,8,missing,created
ITER-2026-04-15-1994N,5271,b7ba6311080d4255a09a01e165eba088,2691,12,missing,created
ITER-2026-04-15-1994N,5272,b7cb9c23c231423f980b7a565aace922,2815,12,missing,created
ITER-2026-04-15-1994N,5273,b7fa834fd41f4d639d0c7752f180ecba,2660,12,missing,created
ITER-2026-04-15-1994N,5274,b7fe902874b440bca2110080b682c24e,2485,12,missing,created
ITER-2026-04-15-1994N,5275,b812fedc71d146b48116c4b0afd35d14,2291,8,missing,created
ITER-2026-04-15-1994N,5276,b8178a842c2743e9972b58dd1491c4ea,2625,12,missing,created
ITER-2026-04-15-1994N,5277,B81BDBD3-D329-4F42-B12D-1F43C5393520,2303,8,missing,created
ITER-2026-04-15-1994N,5278,B81C5CE1-6D26-46F4-93C8-4346BC6B9AED,2504,8,missing,created
ITER-2026-04-15-1994N,5279,b81d9b2398e542108f473f04a930374e,2431,12,missing,created
ITER-2026-04-15-1994N,5280,b826c79e2312455ba17698743b7e5a54,2174,8,missing,created
ITER-2026-04-15-1994N,5281,b82a27e5a3b94a33a6bfe3bbc9c4d9b1,2518,12,missing,created
ITER-2026-04-15-1994N,5282,b833fdc5e0e345d48878d2334649900a,2523,12,missing,created
ITER-2026-04-15-1994N,5283,B8466CA9-0914-4EB9-8C55-EBA2F0BF87A2,2397,8,missing,created
ITER-2026-04-15-1994N,5284,b847286fb7b94363b36c3b6dabdcd2c3,2364,8,missing,created
ITER-2026-04-15-1994N,5285,b8473db07cd242e88bd6008857e6d536,2179,12,missing,created
ITER-2026-04-15-1994N,5286,b8506046a76c4e0892c4a5e84b43a307,2544,12,missing,created
ITER-2026-04-15-1994N,5287,b85bf4ce8d864503b6ed069cf1e22d2b,2500,8,missing,created
ITER-2026-04-15-1994N,5288,b8651205d9524e1c8379087a5448d488,2814,8,missing,created
ITER-2026-04-15-1994N,5289,b86ebe3732ae45c19b5373d551e18d2c,2276,8,missing,created
ITER-2026-04-15-1994N,5290,b876b882146242738a3d537cd08752e6,2660,12,missing,created
ITER-2026-04-15-1994N,5291,b87c63b041ee4822bc032c3438833018,2392,8,missing,created
ITER-2026-04-15-1994N,5292,b87e5f37d5144452a947c6082aad1993,2691,12,missing,created
ITER-2026-04-15-1994N,5293,b87ec0f951214e4fbd4d8c965e6a5d43,2195,12,missing,created
ITER-2026-04-15-1994N,5294,b88793a0fc9c4b4f8bc44ecde7d398ee,2271,12,missing,created
ITER-2026-04-15-1994N,5295,B889B28C-9915-41ED-94A6-CAE86E58B140,2703,8,missing,created
ITER-2026-04-15-1994N,5296,b893a8db0d2b47bea16d9d65726c1086,2811,8,missing,created
ITER-2026-04-15-1994N,5297,b8959ed98ba1433385bc68c1c82e8355,2603,12,missing,created
ITER-2026-04-15-1994N,5298,b8971de2830d4dd4ac7539d639a4b463,2831,12,missing,created
ITER-2026-04-15-1994N,5299,B89E4BC9-9307-4B2E-A563-5A8F760BE8AE,2358,8,missing,created
ITER-2026-04-15-1994N,5300,b8b67b5c94884d5d8e6c031152213cf6,2234,12,missing,created
ITER-2026-04-15-1994N,5301,b8ba949189834689ab28dbcb9bd0b2eb,2160,12,missing,created
ITER-2026-04-15-1994N,5302,b8bff0421ca84e5aa67f90f6492259c1,2546,12,missing,created
ITER-2026-04-15-1994N,5303,B8C5A851-7578-4551-9F88-0C4E2005DFD2,2598,8,missing,created
ITER-2026-04-15-1994N,5304,b8c60f0145294e74a4f04aab4b82018d,2421,12,missing,created
ITER-2026-04-15-1994N,5305,b8c9516519404c5193444459b8c1d646,2343,8,missing,created
ITER-2026-04-15-1994N,5306,b8cc51e3adb74b4781b1749dc33d75c9,2701,12,missing,created
ITER-2026-04-15-1994N,5307,b8ce7442d51a4d8dad38728bf4612e8e,2720,12,missing,created
ITER-2026-04-15-1994N,5308,b8ce89b0f6aa428e886906e81ba0884a,2174,8,missing,created
ITER-2026-04-15-1994N,5309,b8e068cbbbec4e4290010dbecabb1928,2471,12,missing,created
ITER-2026-04-15-1994N,5310,B8E17F81-CAA5-479D-9C07-A8508B47AFE4,2252,8,missing,created
ITER-2026-04-15-1994N,5311,B8FFC374-115D-4CE7-9D34-C4FC5F03264D,2434,8,missing,created
ITER-2026-04-15-1994N,5312,b903a8d8b90f49649ed82f59a9a0f1b8,2526,8,missing,created
ITER-2026-04-15-1994N,5313,b90990cd638d4aaeaa09df6205643566,2132,12,missing,created
ITER-2026-04-15-1994N,5314,B90A0641-27BD-4E7A-9A30-4B7FD15B57A6,2279,8,missing,created
ITER-2026-04-15-1994N,5315,b9132c23d8fc48acaebb8c8009ba23ad,2815,12,missing,created
ITER-2026-04-15-1994N,5316,b913642cd9e7478e84a86cf117e84f85,2207,12,missing,created
ITER-2026-04-15-1994N,5317,b916d86fd10647f484c6a614198b54a9,2694,12,missing,created
ITER-2026-04-15-1994N,5318,b929ef7c8cef4d74b6bf966678f2f995,2210,12,missing,created
ITER-2026-04-15-1994N,5319,b92e9640caf94c4d8fe3bc1764d5dfe2,2528,12,missing,created
ITER-2026-04-15-1994N,5320,b93ae583764544128ce949ae2c649163,2686,12,missing,created
ITER-2026-04-15-1994N,5321,b9555f1084104500ac2c2a17caf4064b,2837,8,missing,created
ITER-2026-04-15-1994N,5322,b95e95baace74ecbba581fa7f8465aff,2630,8,missing,created
ITER-2026-04-15-1994N,5323,B96028C9-2D23-42C1-9AE5-E31FB8E35E8B,2353,8,missing,created
ITER-2026-04-15-1994N,5324,B9604053-6841-4818-9C91-447A0755A38C,2833,8,missing,created
ITER-2026-04-15-1994N,5325,b9643c24c0314230a91a3c513823156f,2405,8,missing,created
ITER-2026-04-15-1994N,5326,b968f87bb8aa412aa16a42178a035b11,2665,12,missing,created
ITER-2026-04-15-1994N,5327,b97eb16ee4e844628dfe3f33cbecb581,2481,8,missing,created
ITER-2026-04-15-1994N,5328,B998A927-1826-4DC8-BCDC-DD94FCD3E04F,2465,8,missing,created
ITER-2026-04-15-1994N,5329,b9999a22c54343eba41ff33a6c786272,2861,8,missing,created
ITER-2026-04-15-1994N,5330,b99b07d1c5294f9caf2e9d53612c5731,2585,12,missing,created
ITER-2026-04-15-1994N,5331,B9B6D4F5-B6FB-4708-87EF-172D8A6D4F24,2685,8,missing,created
ITER-2026-04-15-1994N,5332,b9b6e7943e11435c848b314924fce03b,2107,12,missing,created
ITER-2026-04-15-1994N,5333,b9b9d9acc3f1405fad6b946d61eb752c,2185,8,missing,created
ITER-2026-04-15-1994N,5334,b9c77a9eb74a4910a06f0d7274fd2060,2588,8,missing,created
ITER-2026-04-15-1994N,5335,b9c9c62a2a0f401b9046f26706af3b6d,2733,12,missing,created
ITER-2026-04-15-1994N,5336,b9e47b05d5594cb7819eb83b48ccd73e,2355,12,missing,created
ITER-2026-04-15-1994N,5337,b9e995a9ad4b4120b2715319b7887cee,2585,12,missing,created
ITER-2026-04-15-1994N,5338,ba11e713219542c1b187af10abfddc52,2446,8,missing,created
ITER-2026-04-15-1994N,5339,ba2ac458f5f341f18a92cbe5246dcdde,2510,14,missing,created
ITER-2026-04-15-1994N,5340,ba43d02a640c4956b3aa442e0fcbc1e6,2276,8,missing,created
ITER-2026-04-15-1994N,5341,ba4d8a43724f4194bd6b3d5c85384186,2163,8,missing,created
ITER-2026-04-15-1994N,5342,ba6092d0c6ef4e70abd32acbbd596e9e,2847,12,missing,created
ITER-2026-04-15-1994N,5343,ba65269a4153448985bbdb28a18b83a2,2110,12,missing,created
ITER-2026-04-15-1994N,5344,ba72872da7ee444fab389eaa5a7dc573,2234,12,missing,created
ITER-2026-04-15-1994N,5345,ba7b563136f044b7af053b7977fb3c6d,2837,8,missing,created
ITER-2026-04-15-1994N,5346,ba7c1e449b8244ccba1328b70876cfdc,2793,12,missing,created
ITER-2026-04-15-1994N,5347,ba84c2258e164defa6a863b436ccddb3,2294,12,missing,created
ITER-2026-04-15-1994N,5348,BA8B06A8-2153-4098-900B-14972D455E74,2596,8,missing,created
ITER-2026-04-15-1994N,5349,ba9edf7976b443caa1bb78ff91cc0e7a,2430,8,missing,created
ITER-2026-04-15-1994N,5350,baba0cd07f394e96abe40404eefaa44f,2453,12,missing,created
ITER-2026-04-15-1994N,5351,bacdd3adc0ed41319bcf67a475c7b7d3,2163,8,missing,created
ITER-2026-04-15-1994N,5352,bad23c12d4c14170843ffa5e4bd3a1cd,2354,12,missing,created
ITER-2026-04-15-1994N,5353,bad864b3658e49daa507c0d99f14e623,2435,8,missing,created
ITER-2026-04-15-1994N,5354,BAD8F934-5520-444A-B25E-04E893C4474E,2606,8,missing,created
ITER-2026-04-15-1994N,5355,badaeeab2d524e3ea08bcee27aabe0d4,2663,12,missing,created
ITER-2026-04-15-1994N,5356,badfda0c2109468e943af26f0e4d8605,2722,12,missing,created
ITER-2026-04-15-1994N,5357,baf96b9a080c43319bc9f87ee77dab42,2712,12,missing,created
ITER-2026-04-15-1994N,5358,bafe80683c5242f193ba2ac367c99762,2261,12,missing,created
ITER-2026-04-15-1994N,5359,BB00708B-B871-476C-89E2-A86CB3CABEE9,2627,8,missing,created
ITER-2026-04-15-1994N,5360,bb00eec033e044fd8749f5af04c04ef6,2801,12,missing,created
ITER-2026-04-15-1994N,5361,bb011831c88b4bdc8cbaa3f223372601,2464,12,missing,created
ITER-2026-04-15-1994N,5362,bb05af6d3dbc46afa1cad8244cac1fa2,2580,8,missing,created
ITER-2026-04-15-1994N,5363,bb0f2b2c8c4242bd92c9bad9d5781bb3,2394,8,missing,created
ITER-2026-04-15-1994N,5364,bb1bd596f0e34d08af1776668dd77b47,2750,8,missing,created
ITER-2026-04-15-1994N,5365,bb1f875dc075439697b93d9adfaafcd1,2466,12,missing,created
ITER-2026-04-15-1994N,5366,BB284CA8-6C66-49EE-83AD-129CFD54F9F0,2796,8,missing,created
ITER-2026-04-15-1994N,5367,bb2cfbf0b42e46b9904da870404f0e0c,2235,12,missing,created
ITER-2026-04-15-1994N,5368,bb3398774ee04bf5ae64268733e44f45,2523,12,missing,created
ITER-2026-04-15-1994N,5369,bb3634fbdabc49188fb1c7c2c80e30b6,2487,12,missing,created
ITER-2026-04-15-1994N,5370,bb36d224894246eb93c8eb863407fef0,2532,8,missing,created
ITER-2026-04-15-1994N,5371,bb4aad13fb9b41f4a18209617fff0c40,2339,12,missing,created
ITER-2026-04-15-1994N,5372,bb6493341a1d4c72ad5e26a75362dd10,2207,12,missing,created
ITER-2026-04-15-1994N,5373,bb692ec8358a47158b057c1797ce1744,2398,12,missing,created
ITER-2026-04-15-1994N,5374,bb6d80973c2c4805a74fef28867fb4c4,2293,12,missing,created
ITER-2026-04-15-1994N,5375,bb763e49352d4377bd5e87142321308b,2837,8,missing,created
ITER-2026-04-15-1994N,5376,bb77fae4006a4fb88808172f98effeed,2706,8,missing,created
ITER-2026-04-15-1994N,5377,bb7a332517a846d38a83be37a2803835,2509,8,missing,created
ITER-2026-04-15-1994N,5378,bb7cf589762840bb9be51318977361a3,2142,12,missing,created
ITER-2026-04-15-1994N,5379,bb995f5a55fd48ffba9f37f8f37e64b9,2858,8,missing,created
ITER-2026-04-15-1994N,5380,bba1fd4d015647f3a32bd3a65e1ab97b,2713,12,missing,created
ITER-2026-04-15-1994N,5381,bbab967178f040a0aaea0201de05eb89,2437,12,missing,created
ITER-2026-04-15-1994N,5382,BBD1D587-1274-4193-BD2C-936DBEFEB36E,2183,8,missing,created
ITER-2026-04-15-1994N,5383,BBDF4CAE-59B7-4C20-A3C0-AC540F012C97,2149,8,missing,created
ITER-2026-04-15-1994N,5384,bbe3704ab2854658a774797d7337fb23,2722,12,missing,created
ITER-2026-04-15-1994N,5385,bbe7331d67c34909a0b53328017d85af,2293,12,missing,created
ITER-2026-04-15-1994N,5386,bbe807e206cb4266bf9e68d51df045d9,2556,8,missing,created
ITER-2026-04-15-1994N,5387,bbeac37faf564846a3f31beb96c313ce,2805,8,missing,created
ITER-2026-04-15-1994N,5388,bbeedeb900b6430896cd165b5f30c705,2356,12,missing,created
ITER-2026-04-15-1994N,5389,bbefb9b20fa24930ac67a98c091a5047,2570,12,missing,created
ITER-2026-04-15-1994N,5390,BBF285B0-07E9-4AEB-B5ED-B1EB926AFF5F,2413,8,missing,created
ITER-2026-04-15-1994N,5391,bbfeb570550b4ecea1fff60e196b6819,2701,8,missing,created
ITER-2026-04-15-1994N,5392,bc04360fc3364f4db1556eaac832a71a,2379,8,missing,created
ITER-2026-04-15-1994N,5393,bc0dc695952d4a228c1eb5ff1c667c07,2447,8,missing,created
ITER-2026-04-15-1994N,5394,bc1ac669b37e4957a3df8a915791a4c6,2384,12,missing,created
ITER-2026-04-15-1994N,5395,BC1D1744-3A55-4ACC-B3CD-7746A9909B47,2456,8,missing,created
ITER-2026-04-15-1994N,5396,bc31d483d367438f8801d61881d13a2d,2717,8,missing,created
ITER-2026-04-15-1994N,5397,bc336c75c0b74d06b1b11184931e2cc9,2697,12,missing,created
ITER-2026-04-15-1994N,5398,bc37be5fa33244cb832849150d8b3a8a,2511,8,missing,created
ITER-2026-04-15-1994N,5399,BC38701F-5EF6-47BF-A0AE-60770A267936,2778,8,missing,created
ITER-2026-04-15-1994N,5400,bc3e6d0c739340579334858ff83a6b3d,2176,8,missing,created
ITER-2026-04-15-1994N,5401,bc461aaedb1c465bb1737112b14ca8ef,2115,12,missing,created
ITER-2026-04-15-1994N,5402,bc4a96166b1f469eaa9abbd398fabace,2557,12,missing,created
ITER-2026-04-15-1994N,5403,bc57d9d770d74d408c9cf21e67d9c6fe,2425,12,missing,created
ITER-2026-04-15-1994N,5404,bc5890a4c912489d99c5fb63938c8590,2694,12,missing,created
ITER-2026-04-15-1994N,5405,bc642a499ac440888af31f98f89273d7,2431,12,missing,created
ITER-2026-04-15-1994N,5406,BC66D699-ABBC-49C3-9863-FDEFFD974587,2258,8,missing,created
ITER-2026-04-15-1994N,5407,bc74167addef4341a1e68d8078bbe638,2327,12,missing,created
ITER-2026-04-15-1994N,5408,BC92DA97-5144-4F8E-9939-4110D2E51B94,2178,8,missing,created
ITER-2026-04-15-1994N,5409,BC93862D-72D1-4425-8ED7-B7B6A8E7AA41,2723,8,missing,created
ITER-2026-04-15-1994N,5410,bc9c7e8a7fc0418ebb73f2a17d67a03c,2195,12,missing,created
ITER-2026-04-15-1994N,5411,bcb031bc1ed44c1d9a4c7ef8fd6dffda,2791,8,missing,created
ITER-2026-04-15-1994N,5412,bcc931d5de4d466f9ac158054165b9a4,2118,8,missing,created
ITER-2026-04-15-1994N,5413,bcd556c32a3d454bbf5e1ae97b047793,2839,12,missing,created
ITER-2026-04-15-1994N,5414,bce068f45a5048b3a725d5acfaf130f4,2499,12,missing,created
ITER-2026-04-15-1994N,5415,bce6d7989abd4a7a80609523e759a889,2847,12,missing,created
ITER-2026-04-15-1994N,5416,bced7b3ca45341379ef823a6d279b11e,2369,12,missing,created
ITER-2026-04-15-1994N,5417,bcefd50e8cc14705873fb21d54ef4125,2524,8,missing,created
ITER-2026-04-15-1994N,5418,bcf7350f53ce45d2b25c02cbbceb86df,2400,12,missing,created
ITER-2026-04-15-1994N,5419,bd0bc23a485d44eb90b141c7fab91cf9,2335,8,missing,created
ITER-2026-04-15-1994N,5420,bd1d592bf4f845f18541be9708ba3822,2157,8,missing,created
ITER-2026-04-15-1994N,5421,bd231b7dfbdd44ab8e0383fbfe32edd8,2824,8,missing,created
ITER-2026-04-15-1994N,5422,bd24f4eafb5b457da37278cee9164160,2607,8,missing,created
ITER-2026-04-15-1994N,5423,bd4213319f9f4792a28453fd1ac63682,2741,8,missing,created
ITER-2026-04-15-1994N,5424,bd42ba8eca8f4539b08d749c0e08923c,2580,12,missing,created
ITER-2026-04-15-1994N,5425,bd5a7c3d4e224a04b408747c542bb5d1,2376,8,missing,created
ITER-2026-04-15-1994N,5426,bd7b02dd1cc6461da45ffeb779ec473d,2694,12,missing,created
ITER-2026-04-15-1994N,5427,bd8f7d7e230f4700861f854f678680e1,2586,8,missing,created
ITER-2026-04-15-1994N,5428,bd9276290f754f43bf863cfaf832b4ca,2530,8,missing,created
ITER-2026-04-15-1994N,5429,bd96d58df43549d49d3c24b776ed8449,2600,8,missing,created
ITER-2026-04-15-1994N,5430,bd97e0bb688b44a98cf2fef95b4172bb,2228,8,missing,created
ITER-2026-04-15-1994N,5431,bd998911a84e49d08e2ac885cca39219,2734,8,missing,created
ITER-2026-04-15-1994N,5432,bd9b276710ca4592a53ef886dd35206e,2439,12,missing,created
ITER-2026-04-15-1994N,5433,BDA30889-6136-4F9E-A2C2-E5346D071ED3,2365,8,missing,created
ITER-2026-04-15-1994N,5434,bda6d54026cb4284a0d1196e0b102191,2263,8,missing,created
ITER-2026-04-15-1994N,5435,bda9c8484c8348d19aeeca6d96e0266f,2847,12,missing,created
ITER-2026-04-15-1994N,5436,bdaa2506885748fb98867c5d88546712,2261,12,missing,created
ITER-2026-04-15-1994N,5437,bdab2d2c50ca42e29dcc73072ff0b2b3,2333,8,missing,created
ITER-2026-04-15-1994N,5438,BDAD24F4-22AD-45F8-874F-8F49191A5EDE,2193,8,missing,created
ITER-2026-04-15-1994N,5439,bdbc6d24f1394ed1851306a07486a719,2316,12,missing,created
ITER-2026-04-15-1994N,5440,bdbe59d99569458085fc6569bb34a1dc,2132,12,missing,created
ITER-2026-04-15-1994N,5441,bdbff58d079b42d9b63d80e40aab6d0e,2788,12,missing,created
ITER-2026-04-15-1994N,5442,bdc93c053a5a44fca6adbb1eb81e36ba,2400,12,missing,created
ITER-2026-04-15-1994N,5443,BDCB5E34-ED43-47A6-94C3-EB060D1C9193,2480,8,missing,created
ITER-2026-04-15-1994N,5444,bddc9dfa33994603a623e650ad1c64d9,2688,8,missing,created
ITER-2026-04-15-1994N,5445,bde38190f43049ee9dfd0af52ff2f20f,2454,12,missing,created
ITER-2026-04-15-1994N,5446,bdeeb70a888c4977a164ddf235cd874c,2567,12,missing,created
ITER-2026-04-15-1994N,5447,bdf29d9b6bce488285b46cb9ce7c17d4,2197,12,missing,created
ITER-2026-04-15-1994N,5448,bdf7e9f80e17463f92ec48f96d9c528f,2558,8,missing,created
ITER-2026-04-15-1994N,5449,bdf80e0240b84ee8b605c07fdbffabee,2462,8,missing,created
ITER-2026-04-15-1994N,5450,bdfa9702250946f88bf594cf68f53d95,2439,12,missing,created
ITER-2026-04-15-1994N,5451,bdfc28d088d1493a8531422ce41b5543,2630,8,missing,created
ITER-2026-04-15-1994N,5452,be045925fefc4d99a5c90f925f7a2638,2225,12,missing,created
ITER-2026-04-15-1994N,5453,be0647f9e68a4f8b8cdc269ec10c8e4a,2699,12,missing,created
ITER-2026-04-15-1994N,5454,be07541730d94420bb1b6601a3178982,2698,12,missing,created
ITER-2026-04-15-1994N,5455,be0de2acd7b649828a05a7ca70de9816,2762,12,missing,created
ITER-2026-04-15-1994N,5456,be13459551044258956345417f1d6650,2132,12,missing,created
ITER-2026-04-15-1994N,5457,BE1C1B27-76BF-45DC-A191-13CBCA462C9F,2649,8,missing,created
ITER-2026-04-15-1994N,5458,be248efd55934446b164940da395ab82,2717,8,missing,created
ITER-2026-04-15-1994N,5459,BE26DA0A-0D9D-4E62-B7A4-2ACD80B8F139,2350,8,missing,created
ITER-2026-04-15-1994N,5460,BE3050C9-2858-46E1-8377-2E9324F8BCB7,2192,8,missing,created
ITER-2026-04-15-1994N,5461,be34886a3aac40d1a9d2d0a0440d2fce,2380,12,missing,created
ITER-2026-04-15-1994N,5462,be4613695a504feab1696cdcc8cd8d2e,2151,12,missing,created
ITER-2026-04-15-1994N,5463,be498402d7354fe997f793c169a61417,2205,8,missing,created
ITER-2026-04-15-1994N,5464,be4c57764bd840e7a2f5ecc85ba93a36,2335,12,missing,created
ITER-2026-04-15-1994N,5465,be63d91635884ea4a46e69d3f8eb1c94,2592,12,missing,created
ITER-2026-04-15-1994N,5466,be650a266b27418380d2b142b4aa20e2,2780,12,missing,created
ITER-2026-04-15-1994N,5467,be6ed1ffabc14ec196df7325c39fb455,2137,8,missing,created
ITER-2026-04-15-1994N,5468,be7dcd52aefc437ba187deb96483f809,2437,12,missing,created
ITER-2026-04-15-1994N,5469,be8e146b22b645d8bd43eda674f3f6f4,2266,8,missing,created
ITER-2026-04-15-1994N,5470,be9088d62c5246c3a0b0fc0b351f5714,2109,8,missing,created
ITER-2026-04-15-1994N,5471,BE9859CE-4B32-4417-884E-5345D7820BEB,2452,8,missing,created
ITER-2026-04-15-1994N,5472,be9e15f902c34d4a80f8d111ebc4ba1e,2615,12,missing,created
ITER-2026-04-15-1994N,5473,bea2c99163ab40098f1f1bd83020dd02,2459,12,missing,created
ITER-2026-04-15-1994N,5474,bea701170b82421698f7d8c2ec6073f4,2291,8,missing,created
ITER-2026-04-15-1994N,5475,bea7655f88b7495bb3c8913b497b325b,2771,8,missing,created
ITER-2026-04-15-1994N,5476,bed64b5a34614279a46efe33b674e13d,2831,12,missing,created
ITER-2026-04-15-1994N,5477,bee97f905c8f408db9cd7a66d2fbc583,2205,8,missing,created
ITER-2026-04-15-1994N,5478,beeaeff0d13846cab1c545dea217ead3,2830,12,missing,created
ITER-2026-04-15-1994N,5479,beef01a8ffeb4c47bfd83af9cb9a0805,2780,12,missing,created
ITER-2026-04-15-1994N,5480,beef5c01acc6485aac693bd2ae629703,2339,12,missing,created
ITER-2026-04-15-1994N,5481,bef677eae3a84e81af9db23a147e6fb5,2793,12,missing,created
ITER-2026-04-15-1994N,5482,bef6841ce9d24754a60c5ac696fffaa9,2265,8,missing,created
ITER-2026-04-15-1994N,5483,bf015ce8090e4766b8fa50e319b03b5d,2834,8,missing,created
ITER-2026-04-15-1994N,5484,bf03c40deca8458a89d6331bece0b9b0,2769,12,missing,created
ITER-2026-04-15-1994N,5485,bf05acae4a4b48d4a9d145eff73a10b4,2799,12,missing,created
ITER-2026-04-15-1994N,5486,bf16a35999c447c0a7293344c9cf4339,2836,8,missing,created
ITER-2026-04-15-1994N,5487,bf1a0f2bf0ae4860896ad986e6d05c87,2789,12,missing,created
ITER-2026-04-15-1994N,5488,bf21c410bc874d9bbbd8160d3b20c937,2180,12,missing,created
ITER-2026-04-15-1994N,5489,bf23edad0c6a4631a540ed73f15902d9,2406,12,missing,created
ITER-2026-04-15-1994N,5490,BF26C8FB-3B34-4F29-AFDD-0D8B4F710A4D,2136,8,missing,created
ITER-2026-04-15-1994N,5491,bf277142f7bd4a0c8d166a2ca161ca26,2324,12,missing,created
ITER-2026-04-15-1994N,5492,bf2ae153c3eb46829acb605fb5685b21,2698,12,missing,created
ITER-2026-04-15-1994N,5493,bf2bdc067c71458eaa222af062a8bdfa,2276,8,missing,created
ITER-2026-04-15-1994N,5494,bf39a2ecacf94fc0b7afd9ef748168f2,2431,12,missing,created
ITER-2026-04-15-1994N,5495,BF3E2216-F2BA-4B69-905B-12137A9CF0AC,2127,8,missing,created
ITER-2026-04-15-1994N,5496,bf40b9f9d6c34e17979dc7062bc51842,2711,12,missing,created
ITER-2026-04-15-1994N,5497,bf41e4f4dca34772bf2fad9127e197c0,2253,12,missing,created
ITER-2026-04-15-1994N,5498,bf443a418b154fc387c05f417a9567f5,2288,8,missing,created
ITER-2026-04-15-1994N,5499,bf44945f0e2741a8aeccabaa4b94983a,2564,8,missing,created
ITER-2026-04-15-1994N,5500,BF4A9A8C-9D9B-42E2-AAD9-94749A158676,2200,8,missing,created
ITER-2026-04-15-1994N,5501,bf4d5804ec124a248684040c62883655,2763,8,missing,created
ITER-2026-04-15-1994N,5502,bf548ac29f71480494ebfd9525b34625,2156,12,missing,created
ITER-2026-04-15-1994N,5503,bf57c384da8e414884f01fa728b4f44b,2130,8,missing,created
ITER-2026-04-15-1994N,5504,bf5ad23a7c684b75be4056cb597ded6d,2531,12,missing,created
ITER-2026-04-15-1994N,5505,BF5B2951-2493-4271-8624-693B1C5F5390,2333,8,missing,created
ITER-2026-04-15-1994N,5506,BF76BB02-84C5-4B10-A6AC-7ECED47D3298,2305,8,missing,created
ITER-2026-04-15-1994N,5507,BF7A97F7-1D6B-4788-BA2E-256D9E26B5D5,2641,8,missing,created
ITER-2026-04-15-1994N,5508,bf7dd5392e964353ad695564a3929c3b,2574,8,missing,created
ITER-2026-04-15-1994N,5509,bf813bb7ea60463f940d2a10e981397d,2667,12,missing,created
ITER-2026-04-15-1994N,5510,bf81ecfc8aba4c21a7443812e0bee7b3,2515,12,missing,created
ITER-2026-04-15-1994N,5511,BF89F7AF-5218-4C35-9AA2-10343936F021,2608,8,missing,created
ITER-2026-04-15-1994N,5512,bf8a9a22251e4c7ca81b8fd7ee590ac6,2570,12,missing,created
ITER-2026-04-15-1994N,5513,bf8f08baa8864139b4310a0f0008b05b,2531,12,missing,created
ITER-2026-04-15-1994N,5514,bf94c22a509b4c8d8ac6d5938f1bb164,2761,12,missing,created
ITER-2026-04-15-1994N,5515,bf9510e0029840579139b47c2872e896,2788,12,missing,created
ITER-2026-04-15-1994N,5516,bf9c141ab2f14c1baf68aea7cb92ca55,2804,12,missing,created
ITER-2026-04-15-1994N,5517,bfa7a1cdc40444f08663f77ce6dfd004,2807,12,missing,created
ITER-2026-04-15-1994N,5518,bfba674b90734be5beafe0e249eacc4f,2368,12,missing,created
ITER-2026-04-15-1994N,5519,bfbe607b23924cf4b18c8f8fc0a31646,2323,12,missing,created
ITER-2026-04-15-1994N,5520,bfc044a0f2064ffb9955ed0f8e3d168d,2842,12,missing,created
ITER-2026-04-15-1994N,5521,bfcdd6dab0f44d79a32efe67754d98bb,2210,12,missing,created
ITER-2026-04-15-1994N,5522,bfd5c6b2b527407685e0cefb0f6a56fe,2540,12,missing,created
ITER-2026-04-15-1994N,5523,bfe32702b3cb4d65874675d7d7e05ccd,2709,8,missing,created
ITER-2026-04-15-1994N,5524,bfe77bcd3be24a4fb81345508e072de8,2620,12,missing,created
ITER-2026-04-15-1994N,5525,BFF0D30F-1796-4F50-A399-467A0EC2E1E1,2657,8,missing,created
ITER-2026-04-15-1994N,5526,bff35f55d7c94ed6a96bec1769588ef5,2310,8,missing,created
ITER-2026-04-15-1994N,5527,bffe8136a9f6448cbfb1cb9c8dba1f29,2113,8,missing,created
ITER-2026-04-15-1994N,5528,c013c9a63805402f95786289c3efd4a5,2699,12,missing,created
ITER-2026-04-15-1994N,5529,c014dea39bb84fb0aabfbbe2ded2005b,2404,8,missing,created
ITER-2026-04-15-1994N,5530,c01dd298270b42fc98d4f04d38160ce8,2145,12,missing,created
ITER-2026-04-15-1994N,5531,C02E09A5-B48A-4F19-A914-354DE9985C96,2109,8,missing,created
ITER-2026-04-15-1994N,5532,C02EAB86-5A11-467E-83EE-526EDF23AD42,2605,8,missing,created
ITER-2026-04-15-1994N,5533,c031483c08754028b05e5266c233a4bb,2737,12,missing,created
ITER-2026-04-15-1994N,5534,c04328f93df34fa18db068b7271f3654,2431,12,missing,created
